chemistry	run_folder	seq_date	construct	anchor_12nt	human_code	mouse_code	direction_source	rt_primer	raw_fastq_input	max_reads	barcodes_scored (plot #)	barcodes_excluded (reason)	sample_notes	barcode_flags	flags
splint	@Splint Bobcodes/260119_bobseq_hu_ms_mix3(1st hour)	2026-01-19	not scored (see barcodes_excluded)	not scored (see barcodes_excluded)	not scored (see barcodes_excluded)	not scored (see barcodes_excluded)	not scored (see barcodes_excluded)	not scored (see barcodes_excluded)	not scored (see barcodes_excluded)	all	none	whole folder: first hour of the 260120 MinKNOW run, whose reads are analysed under 260120	none	none	none
splint	@Splint Bobcodes/260120_bobseq_hu_ms_3mix_22hr_2	2026-01-19	bob-a	CTCTTCCGATCT	TCAGCAGT	GCATACGA	lab records; confirmed on reprocessing: the declared species is the majority for both codes in all 3 barcodes	BOB-A primers bob-a-1 / bob-a-2 (TruSeq R1 + 8-bp code + ACCTGGTAGC), adaptor-1 ligation	$MINKNOW_DATA/250119_bobseq_hu_ms_mix3/no_sample_id/20260119_1737_MD-103594_FBD59106_d3cf590e/fastq_pass/barcodeNN/*.fastq.gz	10000	BC19(#30) BC20(#33) BC21(#32)	BC17 (bob-a-1-only control), BC18 (bob-a-2-only control)	BC19: mixed | BC20: mixed | BC21: mixed	none	22-hour MinKNOW run started 2026-01-19 (folder named 260120; the 260119 folder is its first hour); only the first 10,000 reads of each barcode are used; 8-nt BOB-A codes
splint	@Splint Bobcodes/260130_firstPNK	2026-01-30	not scored (see barcodes_excluded)	not scored (see barcodes_excluded)	not scored (see barcodes_excluded)	not scored (see barcodes_excluded)	not scored (see barcodes_excluded)	not scored (see barcodes_excluded)	not scored (see barcodes_excluded)	all	none	whole run: single-code design (only ATCG in the reads), so barcode accuracy cannot be measured	none	none	none
splint	@Splint Bobcodes/260202_speciesmix	2026-02-02	bob-c-splint	CGTACGCATGTC	ATCG	CCGA	lab records; confirmed on reprocessing: the declared species is the majority for both codes in all 4 barcodes	BOB-C5-X primer (bob-c + 4-bp code + BOB_HR) splint-ligated to the RT primer (RT_HR ... polyT)	$MINKNOW_DATA/260202_species_mix_4samples_ligation_dil/no_sample_id/20260202_1345_MD-103594_FBD59106_8143d53a/fastq_pass/barcodeNN/*.fastq.gz	all	BC05(#28) BC06(#29) BC07(#31) BC08(#34)	none	BC05: undiluted cDNA before ligation | BC06: 2x diluted cDNA before ligation | BC07: 10x diluted cDNA before ligation | BC08: 50x diluted cDNA before ligation	none	cDNA diluted before ligation: undiluted, 2x, 10x and 50x (BC05-08)
splint	@Splint Bobcodes/260403_species_mix_tm	2026-04-03	bob-c-splint	CGTACGCATGTC	ACCT	TGTA	not scored (see barcodes_excluded)	BOB-C5-X primer (bob-c + 4-bp code + BOB_HR) splint-ligated to the RT primer (RT_HR ... polyT)	fastq/barcodeNN/*.fastq	all	none	whole run (BC02-04): all samples are controls	none	none	none
splint	@Splint Bobcodes/260408_secondONT_newflowcell	2026-04-08	bob-c-splint	CGTACGCATGTC	ACCT	TGTA	lab records; on reprocessing, a code is not the majority of its reads in 5 of 5 barcodes (see Notes in Supplementary Table S1)	BOB-C5-X primer (bob-c + 4-bp code + BOB_HR) splint-ligated to the RT primer (RT_HR ... polyT)	fastq/barcodeNN/*.fastq.gz	all	BC06(#22) BC07(#11) BC10(#21) BC13(#18) BC14(#23)	BC08 (n=14), BC09 (n=77), BC11 (n=59), BC12 (n=19), BC15 (n=27): fewer than 100 scored mRNA reads	BC06: condition variant | BC07: condition variant | BC10: condition variant | BC13: condition variant | BC14: condition variant	none	libraries sequenced in three MinKNOW runs; only run 42133911 is used
splint	@Splint Bobcodes/260210_BC17-24-01	2026-04-10	bob-c-splint	CGTACGCATGTC	ACCT	TGTA	lab records; on reprocessing, a code is not the majority of its reads in 9 of 9 barcodes (see Notes in Supplementary Table S1)	BOB-C5-X primer (bob-c + 4-bp code + BOB_HR) splint-ligated to the RT primer (RT_HR ... polyT)	fastq_pass/barcodeNN/*.fastq.gz	all	BC01(#20) BC17(#7) BC18(#14) BC19(#15) BC20(#13) BC21(#9) BC22(#27) BC23(#5) BC24(#8)	none	BC01: condition variant | BC17: condition variant | BC18: condition variant | BC19: condition variant | BC20: condition variant | BC21: condition variant | BC22: condition variant | BC23: condition variant | BC24: condition variant	none	folder named 260210; sequenced 2026-04-10 in the same MinKNOW run as TSO 5'DBCO 260410
splint	@Splint Bobcodes/260415_NA12-19_TNM6-11	2026-04-15	bob-c-splint	CGTACGCATGTC	ACCT	TGTA	lab records; on reprocessing, a code is not the majority of its reads in 5 of 5 barcodes (see Notes in Supplementary Table S1)	BOB-C5-X primer (bob-c + 4-bp code + BOB_HR) splint-ligated to the RT primer (RT_HR ... polyT)	260415/barcodeNN/*.fastq.gz ; ../260415-2_TNM6-11_bobcode/fastq_pass/barcodeNN/*.fastq.gz	all	BC06(#4) BC07(#6) BC08(#19) BC10(#3) BC11(#25)	BC01, BC20-24 (not part of this study); BC12-19 (tso_NA, a different TSO experiment); BC09 (n=52): fewer than 100 scored mRNA reads	BC06: condition variant | BC07: condition variant | BC08: condition variant | BC10: condition variant | BC11: condition variant	none	two MinKNOW runs of the same libraries pooled (e8a99cca and 3f5b04e3; the second recovered from the archive 260415-2.zip)
splint	@Splint Bobcodes/260424_NA20-3_TM4-5	2026-04-24	bob-c-splint	CGTACGCATGTC	ACCT	TGTA	lab records; on reprocessing, a code is not the majority of its reads in 8 of 8 barcodes (see Notes in Supplementary Table S1); the human-only (BC04) and mouse-only (BC05) controls carry mostly ACCT and TGTA respectively	BOB-C5-X primer (bob-c + 4-bp code + BOB_HR) splint-ligated to the RT primer (RT_HR ... polyT)	260424/barcodeNN/*.fastq.gz	all	BC01(#1) BC02(#16) BC03(#10) BC20(#12) BC21(#17) BC22(#26) BC23(#24) BC24(#2)	BC04 (human-only control), BC05 (mouse-only control); BC06-19 (demultiplexing noise, <= 517 reads)	BC01: C6_B1+bob | BC02: C7_A_noPNK | BC03: C8_B1_noPNK | BC20: C1_A | BC21: C2_B1 | BC22: C3_B2 | BC23: C4_B3 | BC24: C5_A+bob	BC01: almost only the human code (ACCT) is present, so mouse RNA cannot score correctly | BC02: almost only the human code (ACCT) is present, so mouse RNA cannot score correctly | BC03: almost only the human code (ACCT) is present, so mouse RNA cannot score correctly | BC24: almost only the human code (ACCT) is present, so mouse RNA cannot score correctly	conditions C1-C8 (A / B1-B3, with or without PNK, with or without bob)
polydT	@polydT bobcodes/FAIL-260415-2_NA12-19_tso	2026-04-15	not scored (see barcodes_excluded)	not scored (see barcodes_excluded)	not scored (see barcodes_excluded)	not scored (see barcodes_excluded)	not scored (see barcodes_excluded)	not scored (see barcodes_excluded)	not scored (see barcodes_excluded)	all	none	whole run (BC12-19): failed run	none	none	none
polydT	@polydT bobcodes/260501_BOBpolydt	2026-05-01	bob-polydt	CGTACGCATGTC	ATCGCT	TCGATA	lab records; confirmed on reprocessing: the declared species is the majority for both codes in all 4 barcodes	barcoded polyT-VN primers BOB-E-1 / BOB-E-2 (bob-c + 6-mer + polyT-VN)	barcodeNN/*.fastq.gz	all	BC06(#41) BC07(#47) BC09(#51) BC11(#59)	BC08, BC10 (single-species controls); BC05 (1 read)	BC06: RT 50 °C, mixed hu+ms | BC07: RT 54 °C, mixed | BC09: RT 58 °C, mixed | BC11: RT 64 °C, mixed	none	none
polydT	@polydT bobcodes/260507_BOBpolydt_12cond_BC12-23_set2	2026-05-07	bob-polydt	CGTACGCATGTC	ATCGCT	TCGATA	lab records; on reprocessing, a code is not the majority of its reads in 10 of 10 barcodes (see Notes in Supplementary Table S1)	barcoded polyT-VN primers BOB-E-1 / BOB-E-2 (bob-c + 6-mer + polyT-VN)	barcodeNN/*.fastq.gz ; $MINKNOW_DATA/260507_polydTBOB_12conditions_BC12-23/no_sample_id/20260507_1746_MD-103594_FBD57129_90887d85/fastq_pass/barcodeNN/*.fastq.gz	all	BC12(#3) BC13(#2) BC14(#18) BC15(#16) BC18(#6) BC19(#9) BC20(#12) BC21(#15) BC22(#5) BC23(#4)	BC16, BC17 (single-species controls, C28-RT primer)	BC12: condition variant | BC13: condition variant | BC14: condition variant | BC15: condition variant | BC18: condition variant | BC19: condition variant | BC20: condition variant | BC21: condition variant | BC22: condition variant | BC23: condition variant	none	two MinKNOW runs of the same libraries pooled (90887d85 and 42f02e8a)
polydT	@polydT bobcodes/260509_polydtbob_BC24-1-2-3	2026-05-09	bob-polydt	CGTACGCATGTC	ATCGCT	TCGATA	lab records; on reprocessing, a code is not the majority of its reads in 4 of 4 barcodes (see Notes in Supplementary Table S1)	barcoded polyT-VN primers BOB-E-1 / BOB-E-2 (bob-c + 6-mer + polyT-VN)	$MINKNOW_DATA/260509_polydTBOB_BC24-1-2-3/no_sample_id/20260509_1647_MD-103594_FBD57129_7270cdd4/fastq_pass/barcodeNN/*.fastq.gz	all	BC01(#8) BC02(#13) BC03(#10) BC24(#11)	none	BC01: condition variant | BC02: condition variant | BC03: condition variant | BC24: condition variant	none	none
polydT	@polydT bobcodes/260511_polydtbob_4_BC17-24_set2	2026-05-11	bob-polydt	CGTACGCATGTC	ATCGCT	TCGATA	lab records; on reprocessing, a code is not the majority of its reads in 2 of 5 barcodes (see Notes in Supplementary Table S1)	barcoded polyT-VN primers BOB-E-1 / BOB-E-2 (bob-c + 6-mer + polyT-VN)	barcodeNN/*.fastq.gz	all	BC19(#7) BC20(#1) BC21(#44) BC23(#43) BC24(#46)	BC17, BC18 (single-species controls); BC22	BC19: #7 mix RAW-22 + HEK23 BEFORE SPRI (w NaN3) | BC20: #8 mix RAW-22 + HEK23 AFTER SPRI (pre-RT) | BC21: #9 old BOB-RNA (4-28) hek-22 + raw-23, +NAI | BC23: #1 50 °C RT, 4-29 cDNA, rePCR only | BC24: #2 54 °C RT, 4-29 cDNA, rePCR only	BC20: Both codes land mostly on the other species (possible reversed primers or label)	BOB-C 4-nt splint codes also present at low level; they are not scored
polydT	@polydT bobcodes/260516_polydt_5_sprifix_july2026_update	2026-05-16	bob-polydt	CGTACGCATGTC	ATCGCT	TCGATA	lab records; on reprocessing, a code is not the majority of its reads in 1 of 8 barcodes (see Notes in Supplementary Table S1)	barcoded polyT-VN primers BOB-E-1 / BOB-E-2 (bob-c + 6-mer + polyT-VN)	barcodeNN/*.fastq.gz	all	BC09(#26) BC10(#23) BC11(#32) BC12(#33) BC13(#56) BC14(#28) BC15(#34) BC16(#36)	none	BC09: #1 Total RNA, 50 °C RT (baseline) | BC10: #2 PolyA+ RNA, 50 °C | BC11: #3 Total RNA + 15mer polyA-mimic, 50 °C | BC12: #4 as #1 without GTP/PEG, 50 °C | BC13: #5 as #1 + 1 µM C28-polydT during RT, 50 °C | BC14: #6 as #1 at 52.6 °C | BC15: #7 as #1 at 56.4 °C | BC16: #8 as #1 at 59 °C	none	none
polydT	@5'TSO bobcodes/260519_BC17-24	2026-05-19	bob-polydt	CGTACGCATGTC	ATCGCT	TCGATA	lab records; confirmed on reprocessing: the declared species is the majority for both codes in all 1 barcodes	barcoded polyT-VN primers BOB-E-1 / BOB-E-2 (bob-c + 6-mer + polyT-VN)	barcodeNN/*.fastq.gz	all	BC24(#45)	BC17-23 are 5'TSO samples (their own row)	BC24: BOB-E hu:ms mix, 50 °C RT	none	a poly(dT) sample sequenced in the TSO 5'DBCO run 260519
polydT	@polydT bobcodes/260522_BC9-17_polydtbob	2026-05-22	bob-polydt	CGTACGCATGTC	ATCGCT	TCGATA	lab records; confirmed on reprocessing: the declared species is the majority for both codes in all 8 barcodes	barcoded polyT-VN primers BOB-E-1 / BOB-E-2 (bob-c + 6-mer + polyT-VN)	barcodeNN/*.fastq.gz	all	BC09(#40) BC10(#53) BC11(#57) BC12(#58) BC13(#37) BC14(#54) BC15(#29) BC16(#55)	BC17, BC18 (demultiplexing artefacts, not samples)	BC09: RT 50 °C | BC10: condition variant | BC11: condition variant | BC12: condition variant | BC13: RT 53 °C | BC14: condition variant | BC15: RT 56 °C | BC16: condition variant	none	none
polydT	@polydT bobcodes/260529_TM_polydt	2026-05-29	bob-polydt	CGTACGCATGTC	ATCGCT	TCGATA	lab records; confirmed on reprocessing: the declared species is the majority for both codes in all 4 barcodes	barcoded polyT-VN primers BOB-E-1 / BOB-E-2 (bob-c + 6-mer + polyT-VN)	barcodeNN/*.fastq.gz	all	BC17(#35) BC19(#50) BC20(#42) BC21(#39)	BC18 (n=37): fewer than 100 scored mRNA reads	BC17: RT 50 °C | BC19: RT 48 °C* (possible contamination) | BC20: RT 45 °C | BC21: RT 42 °C	BC19: Flag: possible contamination (RT 48 °C, '48C*')	none
polydT	@polydT bobcodes/260605_BC15-24_TM	2026-06-05	bob-polydt	CGTACGCATGTC	GCATGA	TAACAG	lab records; on reprocessing, a code is not the majority of its reads in 3 of 10 barcodes (see Notes in Supplementary Table S1)	barcoded polyT primers BOB-F-1 / BOB-F-2 (bob-c + 6-mer + polyT)	barcodeNN/*.fastq.gz	all	BC15(#27) BC16(#30) BC17(#22) BC18(#14) BC19(#24) BC20(#31) BC21(#19) BC22(#20) BC23(#25) BC24(#17)	none	BC15: condition variant | BC16: condition variant | BC17: condition variant | BC18: condition variant | BC19: condition variant | BC20: condition variant | BC21: condition variant | BC22: condition variant | BC23: condition variant | BC24: condition variant	none	codes GCATGA/TAACAG (BOB-F); the ATCGCT/TCGATA pair is also present at low level (about 12% of anchored reads) and is not scored
polydT	@polydT bobcodes/260605_BC5-6_polydT90mer	2026-06-05	bob-k-polydt	CTCTTCCGATCT	CGTATGTTAAGC	AGCTGGATAAGT	lab records; on reprocessing, a code is not the majority of its reads in 1 of 2 barcodes (see Notes in Supplementary Table S1)	90-mer barcoded polyT primers BOB-K-1 / BOB-K-2 (TruSeq R1 + 12-bp code + 16N UMI + polyT)	barcodeNN/*.fastq.gz	all	BC05(#21) BC06(#38)	none	BC05: condition variant | BC06: condition variant	none	12-nt codes (3 x 4 nt)
polydT	@polydT bobcodes/260611_TM_BC8-10	2026-06-11	bob-polydt	CGTACGCATGTC	ATCGCT	TCGATA	lab records; confirmed on reprocessing: the declared species is the majority for both codes in all 3 barcodes	barcoded polyT-VN primers BOB-E-1 / BOB-E-2 (bob-c + 6-mer + polyT-VN)	barcodeNN/*.fastq.gz	all	BC08(#52) BC09(#49) BC10(#48)	none	BC08: condition variant | BC09: condition variant | BC10: condition variant	none	the GCATGA/TAACAG pair (BOB-F) is also present at low level (about 5% of anchored reads) and is not scored
5'TSO	@5'TSO bobcodes/260410_2-5_tsobob	2026-04-10	smarter-4bp	ATCAACGCAGAG	GGCA	TACA	lab records; confirmed on reprocessing: the declared species is the majority for both codes in all 1 barcodes	C28-polyT (RTprimer_HR2 ATACTCGTGAC + ATCAGCTTCC + polyT)	individual_barcode_reports/barcodeNN/*.fastq	all	BC05(#4)	BC02, BC03 (single-species HEK input); BC04	BC05: mixed HEK+RAW RNA, TSO-BOBs	none	4-nt codes; mouse code TACA equals the barcode slot of the standard SMARTer TSO (general rules §11)
5'TSO	@5'TSO bobcodes/260519_BC17-24	2026-05-19	nextera-tso	AGTTCAGACGTG	ATCGAAA	CAGTTGA	lab records; on reprocessing, a code is not the majority of its reads in 7 of 7 barcodes (see Notes in Supplementary Table S1)	PolydT_5P_C28	barcodeNN/*.fastq.gz	all	BC17(#2) BC18(#3) BC19(#5) BC20(#6) BC21(#7) BC22(#8) BC23(#1)	BC24 (polydT sample: scored in the polydT panel as 260519 BC24)	BC17: blind (key held by experimenter) | BC18: blind (key held by experimenter) | BC19: blind (key held by experimenter) | BC20: blind (key held by experimenter) | BC21: blind (key held by experimenter) | BC22: blind (key held by experimenter) | BC23: blind (key held by experimenter)	none	none
5'TSO	@5'TSO bobcodes/260522_BC1-8_tsobob	2026-05-22	nextera-tso	AGTTCAGACGTG	ATCGAAA	CAGTTGA	lab records; confirmed on reprocessing: the declared species is the majority for both codes in all 8 barcodes	PolydT_5P_C28	barcodeNN/*.fastq.gz	all	BC01(#14) BC02(#15) BC03(#16) BC04(#18) BC05(#20) BC06(#19) BC07(#11) BC08(#9)	none	BC01: blind (key held by experimenter) | BC02: blind (key held by experimenter) | BC03: blind (key held by experimenter) | BC04: blind (key held by experimenter) | BC05: blind (key held by experimenter) | BC06: blind (key held by experimenter) | BC07: blind (key held by experimenter) | BC08: blind (key held by experimenter)	none	none
5'TSO	@5'TSO bobcodes/260605_BC3-4_TSO3P	2026-06-05	nextera-tso (BOB-J, 19-nt backbone)	GAGTTCAGACGT	ATCGCTCC	AAGTACGTTA	not scored (see barcodes_excluded)	PolydT_5P_C28	barcodeNN/*.fastq.gz	all	none	BC03 (only value rested on n=4 scored reads), BC04 (no value): run not on the plot	none	none	8-nt and 10-nt codes (BOB-J); 3'-phosphate TSO whose backbone lacks the final G of the Nextera-R1 TSO
5'TSO	@5'TSO bobcodes/260605_BC7-14_TSO_RTvariants	2026-06-05	nextera-tso	AGTTCAGACGTG	ATCGAAA	CAGTTGA	lab records; confirmed on reprocessing: the declared species is the majority for both codes in all 4 barcodes	PolydT_5P_C28	barcodeNN/*.fastq.gz	all	BC07(#12) BC11(#10) BC12(#13) BC14(#17)	BC08 (n=49), BC09 (n=77), BC10 (n=43), BC13 (n=92): fewer than 100 scored mRNA reads	BC07: 42C | BC11: 42C 16nM exoTSO | BC12: 42C 80nM exoTSO | BC14: 42C 2000nM exoTSO	none	RT temperature series BC07-10 (42, 43.6, 46.3, 52 °C); SMARTer exoTSO titration BC11-14 (16, 80, 400, 2000 nM)
3'TSO	@3'TSO bobcodes/260605_BC1-2_TSO3'DBCO	2026-06-05	tso-bob	GTATCAACGCAG	AGTACAT	ACCTTGA	lab records; confirmed on reprocessing: the declared species is the majority for both codes in all 2 barcodes	PolydT_5P_C28	barcodeNN/*.fastq.gz	all	BC01(#70) BC02(#69)	none	BC01: 3'TSObob | BC02: 3'TSObob_w_exoTSO	none	human code AGTACAT equals the barcode slot of the standard SMARTer TSO (general rules §11); BC02 had exoTSO added
3'TSO	@3'TSO bobcodes/260611_NA_BC1-7	2026-06-11	tso-bob	GTATCAACGCAG	AGTACAT	ACCTTGA	lab records; confirmed on reprocessing: the declared species is the majority for both codes in all 7 barcodes	PolydT_5P_C28	barcodeNN/*.fastq.gz	all	BC01(#59) BC02(#66) BC03(#38) BC04(#67) BC05(#19) BC06(#64) BC07(#62)	none	BC01: 7ngRNA_42CRT | BC02: 7ngRNA_45CRT | BC03: 7ngRNA_49CRT | BC04: 7ngRNA_54CRT | BC05: 3.5ngRNA_42CRT | BC06: 14ngRNA_42CRT | BC07: 42ngRNA_42CRT	none	human code AGTACAT equals the barcode slot of the standard SMARTer TSO (general rules §11)
3'TSO	@3'TSO bobcodes/260616_BC11-13_TSObob	2026-06-16	tso-bob	GTATCAACGCAG	AGTACAT	ACCTTGA	lab records; confirmed on reprocessing: the declared species is the majority for both codes in all 3 barcodes	PolydT_5P_C28	barcodeNN/combined_barcodeNN.fastq	all	BC11(#54) BC12(#72) BC13(#65)	none	BC11: RT_RT2min_42C10min | BC12: RT_42C10min | BC13: RT_preheat_42C10min	none	human code AGTACAT equals the barcode slot of the standard SMARTer TSO (general rules §11); input is the joined, uncompressed FASTQ of each barcode
3'TSO	@3'TSO bobcodes/260624_multiple	2026-06-24	tso-bob	GTATCAACGCAG	AGTACAT	ACCTTGA	lab records; confirmed on reprocessing: the declared species is the majority for both codes in all 5 barcodes	PolydT_5P_C28	barcodeNN/*.fastq.gz	all	BC12(#43) BC13(#3) BC14(#68) BC15(#58) BC16(#30)	none	BC12: 33uMbob | BC13: 33uMbob_mix_after_spaac | BC14: 15uMbob | BC15: 7.5uMbob | BC16: 3.75uMbob	none	human code AGTACAT equals the barcode slot of the standard SMARTer TSO (general rules §11)
3'TSO	@3'TSO bobcodes/260626_BC4-5_biotin_24plex	2026-06-26	tso-bob	GTATCAACGCAG	AGTACAT	ACCTTGA	lab records; confirmed on reprocessing: the declared species is the majority for both codes in all 2 barcodes	PolydT_5P_C28	barcodeNN/*.fastq.gz	all	BC04(#4) BC05(#1)	none	BC04: peg4 | BC05: biotin	none	human code AGTACAT equals the barcode slot of the standard SMARTer TSO (general rules §11)
3'TSO	@3'TSO bobcodes/260626_bc6_24plex	2026-06-26	bob-v1	CTCTTCCGATCT	AGTGGTG	AGCAGAC	lab records; confirmed on reprocessing: the declared species is the majority for both codes in all 1 barcodes	PolydT_5P_C28	barcodeNN/*.fastq.gz	all	BC06(#11)	none	BC06: 24plex_test(peg4)	none	only the sample's two codes are scored (24-code panel)
3'TSO	@3'TSO bobcodes/260702_BC16-19	2026-07-02	tso-bob	GTATCAACGCAG	AGTACAT	ACCTTGA	lab records; confirmed on reprocessing: the declared species is the majority for both codes in all 4 barcodes	C28-RT-N9	barcodeNN/*.fastq.gz	all	BC16(#73) BC17(#15) BC18(#16) BC19(#44)	none	BC16: 1AB-peg4_25cycles | BC17: 1CD-biotin-25cycles | BC18: 1AB-peg4-32cycles | BC19: 1CD-biotin-32cycles	none	human code AGTACAT equals the barcode slot of the standard SMARTer TSO (general rules §11); random-primed RT (C28-RT-N9)
3'TSO	@3'TSO bobcodes/260702_BC20-24_24plex	2026-07-02	bob-v1	CTCTTCCGATCT	AGTGGTG	AGCAGAC	lab records; confirmed on reprocessing: the declared species is the majority for both codes in all 5 barcodes	R1_polydT_VN_26NUMI	barcodeNN/*.fastq.gz	all	BC20(#53) BC21(#57) BC22(#35) BC23(#22) BC24(#52)	none	BC20: 2AB-peg4-32c-R1R2short | BC21: V12-Xlink-32c-R1R2short | BC22: 2AB-peg4-32c-P5P7-N26RT | BC23: V12-Xlink-32c-P5P7-N26RT | BC24: 2AB-TM-32c-P5P7-N26RT	none	only the sample's two codes are scored (24-code panel)
3'TSO	@3'TSO bobcodes/260702_BC7-11_spaac	2026-07-02	tso-bob	GTATCAACGCAG	AGTACAT	ACCTTGA	lab records; confirmed on reprocessing: the declared species is the majority for both codes in all 5 barcodes	PolydT_5P_C28	barcodeNN/*.fastq.gz	all	BC07(#6) BC08(#71) BC09(#7) BC10(#8) BC11(#9)	none	BC07: no azide mix | BC08: azide mix | BC09: silica beads | BC10: EtOH | BC11: silica, EtOH	none	human code AGTACAT equals the barcode slot of the standard SMARTer TSO (general rules §11)
3'TSO	@3'TSO bobcodes/260709_BC1_2_illumina_primers	2026-07-09	bob-v1	CTCTTCCGATCT	AGTGGTG	AGCAGAC	lab records; confirmed on reprocessing: the declared species is the majority for both codes in all 2 barcodes	C28-RT-N9	barcodeNN/*.fastq.gz	all	BC01(#49) BC02(#56)	none	BC01: TM 7/8 pcr 2AB 54C illumina primers | BC02: TM 7/8 pcr 2AB 62C illumina primers	none	random-primed RT (C28-RT-N9)
3'TSO	@3'TSO bobcodes/260714_TM9-15	2026-07-14	bob-v1	CTCTTCCGATCT	AGCAGAC	GTTGCTT	lab records; confirmed on reprocessing: the declared species is the majority for both codes in all 6 barcodes	R1_polydT_VN	barcodeNN/*.fastq.gz	all	BC10(#29) BC11(#24) BC12(#23) BC13(#60) BC14(#50) BC15(#55)	BC09 (designed negative: 0 mM NAI, 30 cycles)	BC10: TM 12.5mM NAI 30cycles | BC11: TM 20mM NAI 30cycles | BC12: TM 40mM NAI 30cycles | BC13: TM 12.5mM NAI 23cycles | BC14: TM 20mM NAI 23cycles | BC15: TM 40mM NAI 23cycles	none	AGCAGAC is the human code here (it is the mouse code in 260626 BC06, 260702 BC20-24 and 260709)
3'TSO	@3'TSO bobcodes/260718_AK16-17	2026-07-18	bob-v1	CTCTTCCGATCT	AGTGGTG	TACAAGC	lab records; confirmed on reprocessing: the declared species is the majority for both codes in all 1 barcodes	R1_polydT_VN_26NUMI	barcodeNN/*.fastq.gz	all	BC17(#48)	BC16 (designed negative: AK-negative control, 0 mM NAI)	BC17: AK-experimental (#2)	none	none
3'TSO	@3'TSO bobcodes/260730_RT_conditions_BC11-13	2026-07-30	bob-v1	CTCTTCCGATCT	TCGTGAC	GATATGG	lab records; confirmed on reprocessing: the declared species is the majority for both codes in all 3 barcodes	R1_26N	barcodeNN/*.fastq.gz	all	BC11(#14) BC12(#40) BC13(#17)	none	BC11: NEB primer test | BC12: 1hr RT cycling temp | BC13: 1mM dCTP at 50C RT	none	species map inverted relative to the other 260730 runs (TCGTGAC = human)
3'TSO	@3'TSO bobcodes/260730_RT_conditions_BC20-2	2026-07-30	bob-v1	CTCTTCCGATCT	GATATGG	TCGTGAC	lab records; confirmed on reprocessing: the declared species is the majority for both codes in all 7 barcodes	R1_polydT	barcodeNN/*.fastq.gz	all	BC01(#41) BC02(#25) BC20(#51) BC21(#46) BC22(#32) BC23(#37) BC24(#20)	none	BC01: 1mM dCTP | BC02: PEG | BC20: 42C RT | BC21: 54C RT | BC22: PEG, GTP, Triton | BC23: 1mM GTP | BC24: PEG, dCTP, Triton	none	folder covers BC20-24 and BC01-02
3'TSO	@3'TSO bobcodes/260730_RT_conditions_BC3-10	2026-07-30	bob-v1	CTCTTCCGATCT	GATATGG	TCGTGAC	lab records; confirmed on reprocessing: the declared species is the majority for both codes in all 8 barcodes	R1_polydT	barcodeNN/*.fastq.gz	all	BC03(#42) BC04(#33) BC05(#27) BC06(#47) BC07(#28) BC08(#39) BC09(#21) BC10(#26)	none	BC03: 44C RT | BC04: 48C RT | BC05: 50C RT | BC06: 52C RT | BC07: 0.25mM dCTP | BC08: 0.5mM dCTP | BC09: 1mM dCTP | BC10: 1.5mM dCTP	none	none
3'TSO	@3'TSO bobcodes/260731_exoTSO_BC3-7	2026-07-31	bob-v1	CTCTTCCGATCT	TCGTGAC	GATATGG	lab records; confirmed on reprocessing: the declared species is the majority for both codes in all 5 barcodes	R1_polydT	barcodeNN/*.fastq.gz	all	BC03(#13) BC04(#12) BC05(#10) BC06(#2) BC07(#5)	none	BC03: 0 exoTSO | BC04: 1nM exoTSO | BC05: 10nM exoTSO | BC06: 100nM exoTSO | BC07: 1uM exoTSO	BC05: Flag: foreign-barcode contamination (wet-lab note)	species map inverted (TCGTGAC = human); exoTSO titration BC03-07 (0, 1, 10, 100, 1000 nM)
3'TSO	@3'TSO bobcodes/260805_BC14_19-24_repeat	2026-08-05	bob-v1	CTCTTCCGATCT	TGGATGA	TGTCCAC	lab records; confirmed on reprocessing: the declared species is the majority for both codes in all 7 barcodes	R1_26N_polydT	barcodeNN/*.fastq.gz	all	BC14(#36) BC19(#63) BC20(#34) BC21(#18) BC22(#31) BC23(#45) BC24(#61)	none	BC14: BOB31 26N primer | BC19: 0 exoTSO | BC20: 1nM exoTSO | BC21: 10nM exoTSO | BC22: 100nM exoTSO | BC23: 1uM exoTSO | BC24: 10uM exoTSO	BC21: Flag: contamination (wet-lab note, repeat sequencing of 8/4)	exoTSO titration BC19-24 (0 to 10 µM); BC14 uses the BOB31 26N primer
