acc_number	set	method	sample_name	condition	in_benchmark	unit	c840_T	c840_C	c239_A	c239_G	index	index_lo	index_hi	ex7_per_ex8_SMN2	ex7_per_ex8_SMN1
bobseq_50nt__CADM1_100nM-1	bobseq_50nt	bobseq	CADM1_100nM-1	CADM1 100nM	yes	raw	13	2	120	134	7.258	2.081	21.333	0.1083	0.0149
bobseq_50nt__CADM1_100nM-1	bobseq_50nt	bobseq	CADM1_100nM-1	CADM1 100nM	yes	dedup	3	1	49	63	3.857	0.0	8.614	0.0612	0.0159
bobseq_50nt__CADM1_100nM-2	bobseq_50nt	bobseq	CADM1_100nM-2	CADM1 100nM	yes	raw	3	26	77	118	0.177	0.0	0.473	0.039	0.2203
bobseq_50nt__CADM1_100nM-2	bobseq_50nt	bobseq	CADM1_100nM-2	CADM1 100nM	yes	dedup	1	12	32	53	0.138	0.0	0.627	0.0312	0.2264
bobseq_50nt__CADM1_100nM-3	bobseq_50nt	bobseq	CADM1_100nM-3	CADM1 100nM	yes	raw	0	10	72	182					
bobseq_50nt__CADM1_100nM-3	bobseq_50nt	bobseq	CADM1_100nM-3	CADM1 100nM	yes	dedup	0	5	34	65					
bobseq_50nt__CADM1_1nM-1	bobseq_50nt	bobseq	CADM1_1nM-1	CADM1 1nM	yes	raw	0	6	122	174					
bobseq_50nt__CADM1_1nM-1	bobseq_50nt	bobseq	CADM1_1nM-1	CADM1 1nM	yes	dedup	0	3	49	75					
bobseq_50nt__CADM1_1nM-2	bobseq_50nt	bobseq	CADM1_1nM-2	CADM1 1nM	yes	raw	1	8	98	125	0.159	0.0	0.785	0.0102	0.064
bobseq_50nt__CADM1_1nM-2	bobseq_50nt	bobseq	CADM1_1nM-2	CADM1 1nM	yes	dedup	1	4	39	59	0.378	0.0	2.703	0.0256	0.0678
bobseq_50nt__CADM1_1nM-3	bobseq_50nt	bobseq	CADM1_1nM-3	CADM1 1nM	yes	raw	3	18	90	128	0.237	0.0	0.658	0.0333	0.1406
bobseq_50nt__CADM1_1nM-3	bobseq_50nt	bobseq	CADM1_1nM-3	CADM1 1nM	yes	dedup	2	7	46	52	0.323	0.0	1.373	0.0435	0.1346
bobseq_50nt__CHX_dose_1ug_mL-1	bobseq_50nt	bobseq	CHX_dose_1ug_mL-1	CHX dose 1ug/mL	yes	raw	6	24	88	120	0.341	0.096	0.798	0.0682	0.2
bobseq_50nt__CHX_dose_1ug_mL-1	bobseq_50nt	bobseq	CHX_dose_1ug_mL-1	CHX dose 1ug/mL	yes	dedup	2	7	43	50	0.332	0.0	1.429	0.0465	0.14
bobseq_50nt__CHX_dose_1ug_mL-2	bobseq_50nt	bobseq	CHX_dose_1ug_mL-2	CHX dose 1ug/mL	yes	raw	7	9	103	153	1.155	0.34	3.577	0.068	0.0588
bobseq_50nt__CHX_dose_1ug_mL-2	bobseq_50nt	bobseq	CHX_dose_1ug_mL-2	CHX dose 1ug/mL	yes	dedup	4	5	54	64	0.948	0.126	4.165	0.0741	0.0781
bobseq_50nt__CHX_dose_1ug_mL-3	bobseq_50nt	bobseq	CHX_dose_1ug_mL-3	CHX dose 1ug/mL	yes	raw	6	18	139	133	0.319	0.087	0.777	0.0432	0.1353
bobseq_50nt__CHX_dose_1ug_mL-3	bobseq_50nt	bobseq	CHX_dose_1ug_mL-3	CHX dose 1ug/mL	yes	dedup	2	7	49	61	0.356	0.0	1.6	0.0408	0.1148
bobseq_50nt__CHX_dose_50ug_mL-1	bobseq_50nt	bobseq	CHX_dose_50ug_mL-1	CHX dose 50ug/mL	yes	raw	6	6	94	157	1.67	0.419	7.0	0.0638	0.0382
bobseq_50nt__CHX_dose_50ug_mL-1	bobseq_50nt	bobseq	CHX_dose_50ug_mL-1	CHX dose 50ug/mL	yes	dedup	2	3	46	68	0.986	0.0	5.232	0.0435	0.0441
bobseq_50nt__CHX_dose_50ug_mL-2	bobseq_50nt	bobseq	CHX_dose_50ug_mL-2	CHX dose 50ug/mL	yes	raw	3	7	149	176	0.506	0.0	1.903	0.0201	0.0398
bobseq_50nt__CHX_dose_50ug_mL-2	bobseq_50nt	bobseq	CHX_dose_50ug_mL-2	CHX dose 50ug/mL	yes	dedup	1	6	65	85	0.218	0.0	1.26	0.0154	0.0706
bobseq_50nt__CHX_dose_50ug_mL-3	bobseq_50nt	bobseq	CHX_dose_50ug_mL-3	CHX dose 50ug/mL	yes	raw	11	8	140	196	1.925	0.712	5.885	0.0786	0.0408
bobseq_50nt__CHX_dose_50ug_mL-3	bobseq_50nt	bobseq	CHX_dose_50ug_mL-3	CHX dose 50ug/mL	yes	dedup	2	6	60	86	0.478	0.0	2.338	0.0333	0.0698
bobseq_50nt__Hek_control_1	bobseq_50nt	bobseq	Hek_control_1	Hek control	yes	raw	2	17	68	98	0.17	0.0	0.559	0.0294	0.1735
bobseq_50nt__Hek_control_1	bobseq_50nt	bobseq	Hek_control_1	Hek control	yes	dedup	2	5	28	46	0.657	0.0	3.581	0.0714	0.1087
bobseq_50nt__Hek_control_2	bobseq_50nt	bobseq	Hek_control_2	Hek control	no (defective TSO oligo: skewed UMI; excluded from benchmark and splicing, Bryan 2026-09-10)	raw	14	13	92	144	1.686	0.75	3.927	0.1522	0.0903
bobseq_50nt__Hek_control_2	bobseq_50nt	bobseq	Hek_control_2	Hek control	no (defective TSO oligo: skewed UMI; excluded from benchmark and splicing, Bryan 2026-09-10)	dedup	3	6	38	58	0.763	0.0	3.54	0.0789	0.1034
bobseq_50nt__Hek_control_3	bobseq_50nt	bobseq	Hek_control_3	Hek control	yes	raw	10	5	107	122	2.28	0.739	10.01	0.0935	0.041
bobseq_50nt__Hek_control_3	bobseq_50nt	bobseq	Hek_control_3	Hek control	yes	dedup	3	2	44	69	2.352	0.0	9.171	0.0682	0.029
bobseq_50nt__Ris_dose_25mM-1	bobseq_50nt	bobseq	Ris_dose_25mM-1	Ris dose 25mM	yes	raw	3	12	69	103	0.373	0.0	1.168	0.0435	0.1165
bobseq_50nt__Ris_dose_25mM-1	bobseq_50nt	bobseq	Ris_dose_25mM-1	Ris dose 25mM	yes	dedup	2	5	30	40	0.533	0.0	2.676	0.0667	0.125
bobseq_50nt__Ris_dose_25mM-2	bobseq_50nt	bobseq	Ris_dose_25mM-2	Ris dose 25mM	yes	raw	0	4	33	61					
bobseq_50nt__Ris_dose_25mM-2	bobseq_50nt	bobseq	Ris_dose_25mM-2	Ris dose 25mM	yes	dedup	0	3	17	31					
bobseq_50nt__Ris_dose_25mM-3	bobseq_50nt	bobseq	Ris_dose_25mM-3	Ris dose 25mM	yes	raw	0	3	77	116					
bobseq_50nt__Ris_dose_25mM-3	bobseq_50nt	bobseq	Ris_dose_25mM-3	Ris dose 25mM	yes	dedup	0	2	33	60					
bobseq_pe_native__CADM1_100nM-1	bobseq_pe_native	bobseq	CADM1_100nM-1	CADM1 100nM	yes	raw	19	17	343	378	1.232	0.627	2.58	0.0554	0.045
bobseq_pe_native__CADM1_100nM-1	bobseq_pe_native	bobseq	CADM1_100nM-1	CADM1 100nM	yes	dedup	4	5	115	130	0.904	0.127	3.917	0.0348	0.0385
bobseq_pe_native__CADM1_100nM-2	bobseq_pe_native	bobseq	CADM1_100nM-2	CADM1 100nM	yes	raw	36	64	218	304	0.784	0.495	1.224	0.1651	0.2105
bobseq_pe_native__CADM1_100nM-2	bobseq_pe_native	bobseq	CADM1_100nM-2	CADM1 100nM	yes	dedup	13	24	75	105	0.758	0.34	1.568	0.1733	0.2286
bobseq_pe_native__CADM1_100nM-3	bobseq_pe_native	bobseq	CADM1_100nM-3	CADM1 100nM	yes	raw	16	31	286	410	0.74	0.373	1.339	0.0559	0.0756
bobseq_pe_native__CADM1_100nM-3	bobseq_pe_native	bobseq	CADM1_100nM-3	CADM1 100nM	yes	dedup	4	13	93	134	0.443	0.073	1.273	0.043	0.097
bobseq_pe_native__CADM1_1nM-1	bobseq_pe_native	bobseq	CADM1_1nM-1	CADM1 1nM	yes	raw	11	57	271	399	0.284	0.124	0.52	0.0406	0.1429
bobseq_pe_native__CADM1_1nM-1	bobseq_pe_native	bobseq	CADM1_1nM-1	CADM1 1nM	yes	dedup	2	19	98	150	0.161	0.0	0.524	0.0204	0.1267
bobseq_pe_native__CADM1_1nM-2	bobseq_pe_native	bobseq	CADM1_1nM-2	CADM1 1nM	yes	raw	22	53	284	315	0.46	0.264	0.753	0.0775	0.1683
bobseq_pe_native__CADM1_1nM-2	bobseq_pe_native	bobseq	CADM1_1nM-2	CADM1 1nM	yes	dedup	10	20	100	126	0.63	0.253	1.424	0.1	0.1587
bobseq_pe_native__CADM1_1nM-3	bobseq_pe_native	bobseq	CADM1_1nM-3	CADM1 1nM	yes	raw	10	39	230	375	0.418	0.172	0.802	0.0435	0.104
bobseq_pe_native__CADM1_1nM-3	bobseq_pe_native	bobseq	CADM1_1nM-3	CADM1 1nM	yes	dedup	4	15	90	132	0.391	0.066	1.082	0.0444	0.1136
bobseq_pe_native__CHX_dose_1ug_mL-1	bobseq_pe_native	bobseq	CHX_dose_1ug_mL-1	CHX dose 1ug/mL	yes	raw	34	56	299	285	0.579	0.357	0.891	0.1137	0.1965
bobseq_pe_native__CHX_dose_1ug_mL-1	bobseq_pe_native	bobseq	CHX_dose_1ug_mL-1	CHX dose 1ug/mL	yes	dedup	10	20	100	106	0.53	0.208	1.161	0.1	0.1887
bobseq_pe_native__CHX_dose_1ug_mL-2	bobseq_pe_native	bobseq	CHX_dose_1ug_mL-2	CHX dose 1ug/mL	yes	raw	34	94	363	501	0.499	0.315	0.732	0.0937	0.1876
bobseq_pe_native__CHX_dose_1ug_mL-2	bobseq_pe_native	bobseq	CHX_dose_1ug_mL-2	CHX dose 1ug/mL	yes	dedup	13	31	123	179	0.61	0.277	1.146	0.1057	0.1732
bobseq_pe_native__CHX_dose_1ug_mL-3	bobseq_pe_native	bobseq	CHX_dose_1ug_mL-3	CHX dose 1ug/mL	yes	raw	14	64	320	388	0.265	0.13	0.461	0.0437	0.1649
bobseq_pe_native__CHX_dose_1ug_mL-3	bobseq_pe_native	bobseq	CHX_dose_1ug_mL-3	CHX dose 1ug/mL	yes	dedup	4	22	98	132	0.245	0.05	0.629	0.0408	0.1667
bobseq_pe_native__CHX_dose_50ug_mL-1	bobseq_pe_native	bobseq	CHX_dose_50ug_mL-1	CHX dose 50ug/mL	yes	raw	27	54	247	430	0.87	0.517	1.404	0.1093	0.1256
bobseq_pe_native__CHX_dose_50ug_mL-1	bobseq_pe_native	bobseq	CHX_dose_50ug_mL-1	CHX dose 50ug/mL	yes	dedup	7	17	88	148	0.693	0.219	1.647	0.0795	0.1149
bobseq_pe_native__CHX_dose_50ug_mL-2	bobseq_pe_native	bobseq	CHX_dose_50ug_mL-2	CHX dose 50ug/mL	yes	raw	20	71	433	587	0.382	0.209	0.605	0.0462	0.121
bobseq_pe_native__CHX_dose_50ug_mL-2	bobseq_pe_native	bobseq	CHX_dose_50ug_mL-2	CHX dose 50ug/mL	yes	dedup	9	28	140	212	0.487	0.181	1.016	0.0643	0.1321
bobseq_pe_native__CHX_dose_50ug_mL-3	bobseq_pe_native	bobseq	CHX_dose_50ug_mL-3	CHX dose 50ug/mL	yes	raw	29	61	346	462	0.635	0.386	0.981	0.0838	0.132
bobseq_pe_native__CHX_dose_50ug_mL-3	bobseq_pe_native	bobseq	CHX_dose_50ug_mL-3	CHX dose 50ug/mL	yes	dedup	7	23	122	179	0.447	0.148	1.01	0.0574	0.1285
bobseq_pe_native__Hek_control_1	bobseq_pe_native	bobseq	Hek_control_1	Hek control	yes	raw	7	57	172	344	0.246	0.078	0.489	0.0407	0.1657
bobseq_pe_native__Hek_control_1	bobseq_pe_native	bobseq	Hek_control_1	Hek control	yes	dedup	3	18	63	121	0.32	0.0	0.933	0.0476	0.1488
bobseq_pe_native__Hek_control_2	bobseq_pe_native	bobseq	Hek_control_2	Hek control	no (defective TSO oligo: skewed UMI; excluded from benchmark and splicing, Bryan 2026-09-10)	raw	30	50	273	436	0.958	0.589	1.513	0.1099	0.1147
bobseq_pe_native__Hek_control_2	bobseq_pe_native	bobseq	Hek_control_2	Hek control	no (defective TSO oligo: skewed UMI; excluded from benchmark and splicing, Bryan 2026-09-10)	dedup	6	20	97	151	0.467	0.126	1.156	0.0619	0.1325
bobseq_pe_native__Hek_control_3	bobseq_pe_native	bobseq	Hek_control_3	Hek control	yes	raw	16	25	262	324	0.791	0.385	1.521	0.0611	0.0772
bobseq_pe_native__Hek_control_3	bobseq_pe_native	bobseq	Hek_control_3	Hek control	yes	dedup	5	7	94	138	1.049	0.201	3.682	0.0532	0.0507
bobseq_pe_native__Ris_dose_25mM-1	bobseq_pe_native	bobseq	Ris_dose_25mM-1	Ris dose 25mM	yes	raw	19	28	242	311	0.872	0.45	1.58	0.0785	0.09
bobseq_pe_native__Ris_dose_25mM-1	bobseq_pe_native	bobseq	Ris_dose_25mM-1	Ris dose 25mM	yes	dedup	9	12	75	109	1.09	0.382	2.846	0.12	0.1101
bobseq_pe_native__Ris_dose_25mM-2	bobseq_pe_native	bobseq	Ris_dose_25mM-2	Ris dose 25mM	yes	raw	4	13	132	187	0.436	0.074	1.226	0.0303	0.0695
bobseq_pe_native__Ris_dose_25mM-2	bobseq_pe_native	bobseq	Ris_dose_25mM-2	Ris dose 25mM	yes	dedup	1	6	50	71	0.237	0.0	1.347	0.02	0.0845
bobseq_pe_native__Ris_dose_25mM-3	bobseq_pe_native	bobseq	Ris_dose_25mM-3	Ris dose 25mM	yes	raw	22	32	231	368	1.095	0.589	1.932	0.0952	0.087
bobseq_pe_native__Ris_dose_25mM-3	bobseq_pe_native	bobseq	Ris_dose_25mM-3	Ris dose 25mM	yes	dedup	11	10	86	132	1.688	0.658	4.766	0.1279	0.0758
bobseq_pe_native__Ris_dose_500mM-1	bobseq_pe_native	bobseq	Ris_dose_500mM-1	Ris dose 500mM	no (QC rule: input failure)	raw	1	9	20	17	0.094	0.0	0.475	0.05	0.5294
bobseq_pe_native__Ris_dose_500mM-1	bobseq_pe_native	bobseq	Ris_dose_500mM-1	Ris dose 500mM	no (QC rule: input failure)	dedup	1	1	7	11	1.571	0.0	6.857	0.1429	0.0909
bobseq_pe_native__Ris_dose_500mM-2	bobseq_pe_native	bobseq	Ris_dose_500mM-2	Ris dose 500mM	no (QC rule: input failure)	raw	5	7	13	14	0.769	0.154	3.333	0.3846	0.5
bobseq_pe_native__Ris_dose_500mM-2	bobseq_pe_native	bobseq	Ris_dose_500mM-2	Ris dose 500mM	no (QC rule: input failure)	dedup	1	1	6	8	1.333	0.0	6.0	0.1667	0.125
bobseq_pe_native__Ris_dose_500mM-3	bobseq_pe_native	bobseq	Ris_dose_500mM-3	Ris dose 500mM	no (QC rule: input failure)	raw	0	0	11	7					
bobseq_pe_native__Ris_dose_500mM-3	bobseq_pe_native	bobseq	Ris_dose_500mM-3	Ris dose 500mM	no (QC rule: input failure)	dedup	0	0	3	4					
brbseq__ctl_AACAACCGAAGTAA	brbseq	brbseq	ctl_AACAACCGAAGTAA	batch 5 no-Sendai vector control (well B04)	yes	raw	5	7	1	3	2.143	0.0	8.0	5.0	2.3333
brbseq__ctl_AACAACCGAAGTAA	brbseq	brbseq	ctl_AACAACCGAAGTAA	batch 5 no-Sendai vector control (well B04)	yes	dedup	3	2	1	2	3.0	0.0	12.0	3.0	1.0
brbseq__ctl_ACGAGCAGATGCAG	brbseq	brbseq	ctl_ACGAGCAGATGCAG	batch 5 no-Sendai ctrl control (well A04)	yes	raw	0	2	0	2					
brbseq__ctl_ACGAGCAGATGCAG	brbseq	brbseq	ctl_ACGAGCAGATGCAG	batch 5 no-Sendai ctrl control (well A04)	yes	dedup	0	1	0	1					
brbseq__ctl_ATGCAATTACACCG	brbseq	brbseq	ctl_ATGCAATTACACCG	batch 5 no-Sendai vector control (well F09)	yes	raw	2	7	2	3	0.429	0.0	3.0	1.0	2.3333
brbseq__ctl_ATGCAATTACACCG	brbseq	brbseq	ctl_ATGCAATTACACCG	batch 5 no-Sendai vector control (well F09)	yes	dedup	1	2	1	3	1.5	0.0	7.0	1.0	0.6667
brbseq__ctl_CAGACATGATAGAG	brbseq	brbseq	ctl_CAGACATGATAGAG	batch 5 no-Sendai vector control (well B03)	yes	raw	1	0	10	1					
brbseq__ctl_CAGACATGATAGAG	brbseq	brbseq	ctl_CAGACATGATAGAG	batch 5 no-Sendai vector control (well B03)	yes	dedup	1	0	3	1					
brbseq__ctl_CCGCAAGAGGTTGG	brbseq	brbseq	ctl_CCGCAAGAGGTTGG	batch 5 no-Sendai vector control (well B01)	yes	raw	3	14	4	0					
brbseq__ctl_CCGCAAGAGGTTGG	brbseq	brbseq	ctl_CCGCAAGAGGTTGG	batch 5 no-Sendai vector control (well B01)	yes	dedup	1	8	3	0					
brbseq__ctl_CCTCCATCCATGGA	brbseq	brbseq	ctl_CCTCCATCCATGGA	batch 5 no-Sendai vector control (well F10)	yes	raw	5	1	4	1	1.25	0.0	7.0	1.25	1.0
brbseq__ctl_CCTCCATCCATGGA	brbseq	brbseq	ctl_CCTCCATCCATGGA	batch 5 no-Sendai vector control (well F10)	yes	dedup	2	1	3	1	0.667	0.0	4.5	0.6667	1.0
brbseq__ctl_TAACACCTCCAACG	brbseq	brbseq	ctl_TAACACCTCCAACG	batch 5 no-Sendai vector control (well B02)	yes	raw	6	5	2	5	3.0	0.292	18.667	3.0	1.0
brbseq__ctl_TAACACCTCCAACG	brbseq	brbseq	ctl_TAACACCTCCAACG	batch 5 no-Sendai vector control (well B02)	yes	dedup	2	3	1	2	1.333	0.0	7.5	2.0	1.5
brbseq__ctl_TACGTTATTCCGAA	brbseq	brbseq	ctl_TACGTTATTCCGAA	batch 5 no-Sendai ctrl control (well A01)	yes	raw	2	5	1	2	0.8	0.0	4.0	2.0	2.5
brbseq__ctl_TACGTTATTCCGAA	brbseq	brbseq	ctl_TACGTTATTCCGAA	batch 5 no-Sendai ctrl control (well A01)	yes	dedup	1	4	1	1	0.25	0.0	1.667	1.0	4.0
brbseq_native__ctl_AACAACCGAAGTAA	brbseq_native	brbseq	ctl_AACAACCGAAGTAA	batch 5 no-Sendai vector control (well B04)	yes	raw	4	8	1	2	1.0	0.0	4.0	4.0	4.0
brbseq_native__ctl_AACAACCGAAGTAA	brbseq_native	brbseq	ctl_AACAACCGAAGTAA	batch 5 no-Sendai vector control (well B04)	yes	dedup	3	3	1	1	1.0	0.0	5.375	3.0	3.0
brbseq_native__ctl_ACGAGCAGATGCAG	brbseq_native	brbseq	ctl_ACGAGCAGATGCAG	batch 5 no-Sendai ctrl control (well A04)	yes	raw	2	2	0	6					
brbseq_native__ctl_ACGAGCAGATGCAG	brbseq_native	brbseq	ctl_ACGAGCAGATGCAG	batch 5 no-Sendai ctrl control (well A04)	yes	dedup	1	1	0	2					
brbseq_native__ctl_ATGCAATTACACCG	brbseq_native	brbseq	ctl_ATGCAATTACACCG	batch 5 no-Sendai vector control (well F09)	yes	raw	2	7	2	3	0.429	0.0	2.961	1.0	2.3333
brbseq_native__ctl_ATGCAATTACACCG	brbseq_native	brbseq	ctl_ATGCAATTACACCG	batch 5 no-Sendai vector control (well F09)	yes	dedup	1	2	1	3	1.5	0.0	7.5	1.0	0.6667
brbseq_native__ctl_CAGACATGATAGAG	brbseq_native	brbseq	ctl_CAGACATGATAGAG	batch 5 no-Sendai vector control (well B03)	yes	raw	1	2	10	3	0.15	0.0	1.096	0.1	0.6667
brbseq_native__ctl_CAGACATGATAGAG	brbseq_native	brbseq	ctl_CAGACATGATAGAG	batch 5 no-Sendai vector control (well B03)	yes	dedup	1	2	3	3	0.5	0.0	5.0	0.3333	0.6667
brbseq_native__ctl_CCGCAAGAGGTTGG	brbseq_native	brbseq	ctl_CCGCAAGAGGTTGG	batch 5 no-Sendai vector control (well B01)	yes	raw	6	17	6	0					
brbseq_native__ctl_CCGCAAGAGGTTGG	brbseq_native	brbseq	ctl_CCGCAAGAGGTTGG	batch 5 no-Sendai vector control (well B01)	yes	dedup	2	9	4	0					
brbseq_native__ctl_CCTCCATCCATGGA	brbseq_native	brbseq	ctl_CCTCCATCCATGGA	batch 5 no-Sendai vector control (well F10)	yes	raw	5	5	6	1	0.167	0.0	1.5	0.8333	5.0
brbseq_native__ctl_CCTCCATCCATGGA	brbseq_native	brbseq	ctl_CCTCCATCCATGGA	batch 5 no-Sendai vector control (well F10)	yes	dedup	2	2	5	1	0.2	0.0	2.0	0.4	2.0
brbseq_native__ctl_TAACACCTCCAACG	brbseq_native	brbseq	ctl_TAACACCTCCAACG	batch 5 no-Sendai vector control (well B02)	yes	raw	6	7	3	5	1.429	0.167	9.0	2.0	1.4
brbseq_native__ctl_TAACACCTCCAACG	brbseq_native	brbseq	ctl_TAACACCTCCAACG	batch 5 no-Sendai vector control (well B02)	yes	dedup	2	4	2	2	0.5	0.0	4.0	1.0	2.0
brbseq_native__ctl_TACGTTATTCCGAA	brbseq_native	brbseq	ctl_TACGTTATTCCGAA	batch 5 no-Sendai ctrl control (well A01)	yes	raw	2	9	1	2	0.444	0.0	2.0	2.0	4.5
brbseq_native__ctl_TACGTTATTCCGAA	brbseq_native	brbseq	ctl_TACGTTATTCCGAA	batch 5 no-Sendai ctrl control (well A01)	yes	dedup	1	6	1	1	0.167	0.0	1.0	1.0	6.0
drugseq__DMSO_I08_ATCAGCACTT	drugseq	drugseq	DMSO_I08_ATCAGCACTT	DMSO vehicle, 24 h	yes	raw	0	0	0	0					
drugseq__DMSO_I08_ATCAGCACTT	drugseq	drugseq	DMSO_I08_ATCAGCACTT	DMSO vehicle, 24 h	yes	dedup	0	0	0	0					
drugseq__DMSO_I16_GAGTAGACCA	drugseq	drugseq	DMSO_I16_GAGTAGACCA	DMSO vehicle, 24 h	yes	raw	0	0	0	0					
drugseq__DMSO_I16_GAGTAGACCA	drugseq	drugseq	DMSO_I16_GAGTAGACCA	DMSO vehicle, 24 h	yes	dedup	0	0	0	0					
drugseq__DMSO_I24_TTATAGGAGG	drugseq	drugseq	DMSO_I24_TTATAGGAGG	DMSO vehicle, 24 h	yes	raw	0	0	0	0					
drugseq__DMSO_I24_TTATAGGAGG	drugseq	drugseq	DMSO_I24_TTATAGGAGG	DMSO vehicle, 24 h	yes	dedup	0	0	0	0					
drugseq__DMSO_J08_ATCAGCGAGG	drugseq	drugseq	DMSO_J08_ATCAGCGAGG	DMSO vehicle, 24 h	yes	raw	0	0	0	0					
drugseq__DMSO_J08_ATCAGCGAGG	drugseq	drugseq	DMSO_J08_ATCAGCGAGG	DMSO vehicle, 24 h	yes	dedup	0	0	0	0					
drugseq__DMSO_J16_GATACGCTTA	drugseq	drugseq	DMSO_J16_GATACGCTTA	DMSO vehicle, 24 h	yes	raw	0	0	0	0					
drugseq__DMSO_J16_GATACGCTTA	drugseq	drugseq	DMSO_J16_GATACGCTTA	DMSO vehicle, 24 h	yes	dedup	0	0	0	0					
drugseq__DMSO_J24_TTATCGCGTT	drugseq	drugseq	DMSO_J24_TTATCGCGTT	DMSO vehicle, 24 h	yes	raw	0	0	0	0					
drugseq__DMSO_J24_TTATCGCGTT	drugseq	drugseq	DMSO_J24_TTATCGCGTT	DMSO vehicle, 24 h	yes	dedup	0	0	0	0					
drugseq__DMSO_K08_ATCCGTCCAT	drugseq	drugseq	DMSO_K08_ATCCGTCCAT	DMSO vehicle, 24 h	yes	raw	0	0	0	0					
drugseq__DMSO_K08_ATCCGTCCAT	drugseq	drugseq	DMSO_K08_ATCCGTCCAT	DMSO vehicle, 24 h	yes	dedup	0	0	0	0					
drugseq__DMSO_K16_GATAGGTCAA	drugseq	drugseq	DMSO_K16_GATAGGTCAA	DMSO vehicle, 24 h	yes	raw	0	0	0	0					
drugseq__DMSO_K16_GATAGGTCAA	drugseq	drugseq	DMSO_K16_GATAGGTCAA	DMSO vehicle, 24 h	yes	dedup	0	0	0	0					
drugseq__DMSO_K24_TTCAGGAGTA	drugseq	drugseq	DMSO_K24_TTCAGGAGTA	DMSO vehicle, 24 h	yes	raw	0	0	0	0					
drugseq__DMSO_K24_TTCAGGAGTA	drugseq	drugseq	DMSO_K24_TTCAGGAGTA	DMSO vehicle, 24 h	yes	dedup	0	0	0	0					
drugseq__DMSO_L08_ATCGACGGCT	drugseq	drugseq	DMSO_L08_ATCGACGGCT	DMSO vehicle, 24 h	yes	raw	0	0	0	0					
drugseq__DMSO_L08_ATCGACGGCT	drugseq	drugseq	DMSO_L08_ATCGACGGCT	DMSO vehicle, 24 h	yes	dedup	0	0	0	0					
drugseq__DMSO_L16_GATATCAGGA	drugseq	drugseq	DMSO_L16_GATATCAGGA	DMSO vehicle, 24 h	yes	raw	0	0	0	0					
drugseq__DMSO_L16_GATATCAGGA	drugseq	drugseq	DMSO_L16_GATATCAGGA	DMSO vehicle, 24 h	yes	dedup	0	0	0	0					
drugseq__DMSO_L24_TTCCATCGAG	drugseq	drugseq	DMSO_L24_TTCCATCGAG	DMSO vehicle, 24 h	yes	raw	0	0	0	0					
drugseq__DMSO_L24_TTCCATCGAG	drugseq	drugseq	DMSO_L24_TTCCATCGAG	DMSO vehicle, 24 h	yes	dedup	0	0	0	0					
drugseq__DMSO_M08_ATCTAAGGAG	drugseq	drugseq	DMSO_M08_ATCTAAGGAG	DMSO vehicle, 24 h	yes	raw	0	0	0	0					
drugseq__DMSO_M08_ATCTAAGGAG	drugseq	drugseq	DMSO_M08_ATCTAAGGAG	DMSO vehicle, 24 h	yes	dedup	0	0	0	0					
drugseq__DMSO_M16_GATGAGTGAC	drugseq	drugseq	DMSO_M16_GATGAGTGAC	DMSO vehicle, 24 h	yes	raw	0	0	0	0					
drugseq__DMSO_M16_GATGAGTGAC	drugseq	drugseq	DMSO_M16_GATGAGTGAC	DMSO vehicle, 24 h	yes	dedup	0	0	0	0					
drugseq__DMSO_M24_TTGGCAATTC	drugseq	drugseq	DMSO_M24_TTGGCAATTC	DMSO vehicle, 24 h	yes	raw	0	0	0	0					
drugseq__DMSO_M24_TTGGCAATTC	drugseq	drugseq	DMSO_M24_TTGGCAATTC	DMSO vehicle, 24 h	yes	dedup	0	0	0	0					
drugseq__DMSO_N08_ATGACGGTAA	drugseq	drugseq	DMSO_N08_ATGACGGTAA	DMSO vehicle, 24 h	yes	raw	0	0	0	0					
drugseq__DMSO_N08_ATGACGGTAA	drugseq	drugseq	DMSO_N08_ATGACGGTAA	DMSO vehicle, 24 h	yes	dedup	0	0	0	0					
drugseq__DMSO_N16_GATGGATACA	drugseq	drugseq	DMSO_N16_GATGGATACA	DMSO vehicle, 24 h	yes	raw	0	0	0	0					
drugseq__DMSO_N16_GATGGATACA	drugseq	drugseq	DMSO_N16_GATGGATACA	DMSO vehicle, 24 h	yes	dedup	0	0	0	0					
drugseq__DMSO_N24_TTGGCTCCAC	drugseq	drugseq	DMSO_N24_TTGGCTCCAC	DMSO vehicle, 24 h	yes	raw	0	0	0	0					
drugseq__DMSO_N24_TTGGCTCCAC	drugseq	drugseq	DMSO_N24_TTGGCTCCAC	DMSO vehicle, 24 h	yes	dedup	0	0	0	0					
drugseq__DMSO_O08_ATGCGGACTG	drugseq	drugseq	DMSO_O08_ATGCGGACTG	DMSO vehicle, 24 h	yes	raw	0	0	0	0					
drugseq__DMSO_O08_ATGCGGACTG	drugseq	drugseq	DMSO_O08_ATGCGGACTG	DMSO vehicle, 24 h	yes	dedup	0	0	0	0					
drugseq__DMSO_O16_GATTGCACGC	drugseq	drugseq	DMSO_O16_GATTGCACGC	DMSO vehicle, 24 h	yes	raw	0	0	0	0					
drugseq__DMSO_O16_GATTGCACGC	drugseq	drugseq	DMSO_O16_GATTGCACGC	DMSO vehicle, 24 h	yes	dedup	0	0	0	0					
drugseq__DMSO_O24_TTGTCGGCCA	drugseq	drugseq	DMSO_O24_TTGTCGGCCA	DMSO vehicle, 24 h	yes	raw	0	0	0	0					
drugseq__DMSO_O24_TTGTCGGCCA	drugseq	drugseq	DMSO_O24_TTGTCGGCCA	DMSO vehicle, 24 h	yes	dedup	0	0	0	0					
drugseq__DMSO_P08_ATGCTTCCTA	drugseq	drugseq	DMSO_P08_ATGCTTCCTA	DMSO vehicle, 24 h	yes	raw	0	0	0	0					
drugseq__DMSO_P08_ATGCTTCCTA	drugseq	drugseq	DMSO_P08_ATGCTTCCTA	DMSO vehicle, 24 h	yes	dedup	0	0	0	0					
drugseq__DMSO_P16_GCAAGCGAAT	drugseq	drugseq	DMSO_P16_GCAAGCGAAT	DMSO vehicle, 24 h	yes	raw	0	0	0	0					
drugseq__DMSO_P16_GCAAGCGAAT	drugseq	drugseq	DMSO_P16_GCAAGCGAAT	DMSO vehicle, 24 h	yes	dedup	0	0	0	0					
drugseq__DMSO_P24_TTGTGTTCGA	drugseq	drugseq	DMSO_P24_TTGTGTTCGA	DMSO vehicle, 24 h	yes	raw	0	0	0	0					
drugseq__DMSO_P24_TTGTGTTCGA	drugseq	drugseq	DMSO_P24_TTGTGTTCGA	DMSO vehicle, 24 h	yes	dedup	0	0	0	0					
drugseq_native__DMSO_I08_ATCAGCACTT	drugseq_native	drugseq	DMSO_I08_ATCAGCACTT	DMSO vehicle, 24 h	yes	raw	0	0	0	0					
drugseq_native__DMSO_I08_ATCAGCACTT	drugseq_native	drugseq	DMSO_I08_ATCAGCACTT	DMSO vehicle, 24 h	yes	dedup	0	0	0	0					
drugseq_native__DMSO_I16_GAGTAGACCA	drugseq_native	drugseq	DMSO_I16_GAGTAGACCA	DMSO vehicle, 24 h	yes	raw	0	0	0	0					
drugseq_native__DMSO_I16_GAGTAGACCA	drugseq_native	drugseq	DMSO_I16_GAGTAGACCA	DMSO vehicle, 24 h	yes	dedup	0	0	0	0					
drugseq_native__DMSO_I24_TTATAGGAGG	drugseq_native	drugseq	DMSO_I24_TTATAGGAGG	DMSO vehicle, 24 h	yes	raw	0	0	0	0					
drugseq_native__DMSO_I24_TTATAGGAGG	drugseq_native	drugseq	DMSO_I24_TTATAGGAGG	DMSO vehicle, 24 h	yes	dedup	0	0	0	0					
drugseq_native__DMSO_J08_ATCAGCGAGG	drugseq_native	drugseq	DMSO_J08_ATCAGCGAGG	DMSO vehicle, 24 h	yes	raw	0	0	0	0					
drugseq_native__DMSO_J08_ATCAGCGAGG	drugseq_native	drugseq	DMSO_J08_ATCAGCGAGG	DMSO vehicle, 24 h	yes	dedup	0	0	0	0					
drugseq_native__DMSO_J16_GATACGCTTA	drugseq_native	drugseq	DMSO_J16_GATACGCTTA	DMSO vehicle, 24 h	yes	raw	0	0	0	0					
drugseq_native__DMSO_J16_GATACGCTTA	drugseq_native	drugseq	DMSO_J16_GATACGCTTA	DMSO vehicle, 24 h	yes	dedup	0	0	0	0					
drugseq_native__DMSO_J24_TTATCGCGTT	drugseq_native	drugseq	DMSO_J24_TTATCGCGTT	DMSO vehicle, 24 h	yes	raw	0	0	0	0					
drugseq_native__DMSO_J24_TTATCGCGTT	drugseq_native	drugseq	DMSO_J24_TTATCGCGTT	DMSO vehicle, 24 h	yes	dedup	0	0	0	0					
drugseq_native__DMSO_K08_ATCCGTCCAT	drugseq_native	drugseq	DMSO_K08_ATCCGTCCAT	DMSO vehicle, 24 h	yes	raw	0	0	0	0					
drugseq_native__DMSO_K08_ATCCGTCCAT	drugseq_native	drugseq	DMSO_K08_ATCCGTCCAT	DMSO vehicle, 24 h	yes	dedup	0	0	0	0					
drugseq_native__DMSO_K16_GATAGGTCAA	drugseq_native	drugseq	DMSO_K16_GATAGGTCAA	DMSO vehicle, 24 h	yes	raw	0	0	0	0					
drugseq_native__DMSO_K16_GATAGGTCAA	drugseq_native	drugseq	DMSO_K16_GATAGGTCAA	DMSO vehicle, 24 h	yes	dedup	0	0	0	0					
drugseq_native__DMSO_K24_TTCAGGAGTA	drugseq_native	drugseq	DMSO_K24_TTCAGGAGTA	DMSO vehicle, 24 h	yes	raw	0	0	0	0					
drugseq_native__DMSO_K24_TTCAGGAGTA	drugseq_native	drugseq	DMSO_K24_TTCAGGAGTA	DMSO vehicle, 24 h	yes	dedup	0	0	0	0					
drugseq_native__DMSO_L08_ATCGACGGCT	drugseq_native	drugseq	DMSO_L08_ATCGACGGCT	DMSO vehicle, 24 h	yes	raw	0	0	0	0					
drugseq_native__DMSO_L08_ATCGACGGCT	drugseq_native	drugseq	DMSO_L08_ATCGACGGCT	DMSO vehicle, 24 h	yes	dedup	0	0	0	0					
drugseq_native__DMSO_L16_GATATCAGGA	drugseq_native	drugseq	DMSO_L16_GATATCAGGA	DMSO vehicle, 24 h	yes	raw	0	0	0	0					
drugseq_native__DMSO_L16_GATATCAGGA	drugseq_native	drugseq	DMSO_L16_GATATCAGGA	DMSO vehicle, 24 h	yes	dedup	0	0	0	0					
drugseq_native__DMSO_L24_TTCCATCGAG	drugseq_native	drugseq	DMSO_L24_TTCCATCGAG	DMSO vehicle, 24 h	yes	raw	0	0	0	0					
drugseq_native__DMSO_L24_TTCCATCGAG	drugseq_native	drugseq	DMSO_L24_TTCCATCGAG	DMSO vehicle, 24 h	yes	dedup	0	0	0	0					
drugseq_native__DMSO_M08_ATCTAAGGAG	drugseq_native	drugseq	DMSO_M08_ATCTAAGGAG	DMSO vehicle, 24 h	yes	raw	0	0	0	0					
drugseq_native__DMSO_M08_ATCTAAGGAG	drugseq_native	drugseq	DMSO_M08_ATCTAAGGAG	DMSO vehicle, 24 h	yes	dedup	0	0	0	0					
drugseq_native__DMSO_M16_GATGAGTGAC	drugseq_native	drugseq	DMSO_M16_GATGAGTGAC	DMSO vehicle, 24 h	yes	raw	0	0	0	0					
drugseq_native__DMSO_M16_GATGAGTGAC	drugseq_native	drugseq	DMSO_M16_GATGAGTGAC	DMSO vehicle, 24 h	yes	dedup	0	0	0	0					
drugseq_native__DMSO_M24_TTGGCAATTC	drugseq_native	drugseq	DMSO_M24_TTGGCAATTC	DMSO vehicle, 24 h	yes	raw	0	0	0	0					
drugseq_native__DMSO_M24_TTGGCAATTC	drugseq_native	drugseq	DMSO_M24_TTGGCAATTC	DMSO vehicle, 24 h	yes	dedup	0	0	0	0					
drugseq_native__DMSO_N08_ATGACGGTAA	drugseq_native	drugseq	DMSO_N08_ATGACGGTAA	DMSO vehicle, 24 h	yes	raw	0	0	0	0					
drugseq_native__DMSO_N08_ATGACGGTAA	drugseq_native	drugseq	DMSO_N08_ATGACGGTAA	DMSO vehicle, 24 h	yes	dedup	0	0	0	0					
drugseq_native__DMSO_N16_GATGGATACA	drugseq_native	drugseq	DMSO_N16_GATGGATACA	DMSO vehicle, 24 h	yes	raw	0	0	0	0					
drugseq_native__DMSO_N16_GATGGATACA	drugseq_native	drugseq	DMSO_N16_GATGGATACA	DMSO vehicle, 24 h	yes	dedup	0	0	0	0					
drugseq_native__DMSO_N24_TTGGCTCCAC	drugseq_native	drugseq	DMSO_N24_TTGGCTCCAC	DMSO vehicle, 24 h	yes	raw	0	0	0	0					
drugseq_native__DMSO_N24_TTGGCTCCAC	drugseq_native	drugseq	DMSO_N24_TTGGCTCCAC	DMSO vehicle, 24 h	yes	dedup	0	0	0	0					
drugseq_native__DMSO_O08_ATGCGGACTG	drugseq_native	drugseq	DMSO_O08_ATGCGGACTG	DMSO vehicle, 24 h	yes	raw	0	0	0	0					
drugseq_native__DMSO_O08_ATGCGGACTG	drugseq_native	drugseq	DMSO_O08_ATGCGGACTG	DMSO vehicle, 24 h	yes	dedup	0	0	0	0					
drugseq_native__DMSO_O16_GATTGCACGC	drugseq_native	drugseq	DMSO_O16_GATTGCACGC	DMSO vehicle, 24 h	yes	raw	0	0	0	0					
drugseq_native__DMSO_O16_GATTGCACGC	drugseq_native	drugseq	DMSO_O16_GATTGCACGC	DMSO vehicle, 24 h	yes	dedup	0	0	0	0					
drugseq_native__DMSO_O24_TTGTCGGCCA	drugseq_native	drugseq	DMSO_O24_TTGTCGGCCA	DMSO vehicle, 24 h	yes	raw	0	0	0	0					
drugseq_native__DMSO_O24_TTGTCGGCCA	drugseq_native	drugseq	DMSO_O24_TTGTCGGCCA	DMSO vehicle, 24 h	yes	dedup	0	0	0	0					
drugseq_native__DMSO_P08_ATGCTTCCTA	drugseq_native	drugseq	DMSO_P08_ATGCTTCCTA	DMSO vehicle, 24 h	yes	raw	0	0	0	0					
drugseq_native__DMSO_P08_ATGCTTCCTA	drugseq_native	drugseq	DMSO_P08_ATGCTTCCTA	DMSO vehicle, 24 h	yes	dedup	0	0	0	0					
drugseq_native__DMSO_P16_GCAAGCGAAT	drugseq_native	drugseq	DMSO_P16_GCAAGCGAAT	DMSO vehicle, 24 h	yes	raw	0	0	0	0					
drugseq_native__DMSO_P16_GCAAGCGAAT	drugseq_native	drugseq	DMSO_P16_GCAAGCGAAT	DMSO vehicle, 24 h	yes	dedup	0	0	0	0					
drugseq_native__DMSO_P24_TTGTGTTCGA	drugseq_native	drugseq	DMSO_P24_TTGTGTTCGA	DMSO vehicle, 24 h	yes	raw	0	0	0	0					
drugseq_native__DMSO_P24_TTGTGTTCGA	drugseq_native	drugseq	DMSO_P24_TTGTGTTCGA	DMSO vehicle, 24 h	yes	dedup	0	0	0	0					
primeseq__HEK2	primeseq	primeseq	HEK2	RNA-extraction set (Janjic et al. 2022, Fig. 4)	yes	raw	0	0	1	1					
primeseq__HEK2	primeseq	primeseq	HEK2	RNA-extraction set (Janjic et al. 2022, Fig. 4)	yes	dedup	0	0	1	1					
primeseq__HEK20	primeseq	primeseq	HEK20	RNA-extraction set (Janjic et al. 2022, Fig. 4)	yes	raw	0	1	0	0					
primeseq__HEK20	primeseq	primeseq	HEK20	RNA-extraction set (Janjic et al. 2022, Fig. 4)	yes	dedup	0	1	0	0					
primeseq__HEK3	primeseq	primeseq	HEK3	RNA-extraction set (Janjic et al. 2022, Fig. 4)	yes	raw	0	1	0	0					
primeseq__HEK3	primeseq	primeseq	HEK3	RNA-extraction set (Janjic et al. 2022, Fig. 4)	yes	dedup	0	1	0	0					
primeseq__HEK31	primeseq	primeseq	HEK31	RNA-extraction set (Janjic et al. 2022, Fig. 4)	yes	raw	0	1	0	0					
primeseq__HEK31	primeseq	primeseq	HEK31	RNA-extraction set (Janjic et al. 2022, Fig. 4)	yes	dedup	0	1	0	0					
primeseq__HEK42	primeseq	primeseq	HEK42	RNA-extraction set (Janjic et al. 2022, Fig. 4)	yes	raw	0	0	0	0					
primeseq__HEK42	primeseq	primeseq	HEK42	RNA-extraction set (Janjic et al. 2022, Fig. 4)	yes	dedup	0	0	0	0					
primeseq__HEK53	primeseq	primeseq	HEK53	RNA-extraction set (Janjic et al. 2022, Fig. 4)	yes	raw	3	0	0	0					
primeseq__HEK53	primeseq	primeseq	HEK53	RNA-extraction set (Janjic et al. 2022, Fig. 4)	yes	dedup	2	0	0	0					
primeseq__HEK64	primeseq	primeseq	HEK64	RNA-extraction set (Janjic et al. 2022, Fig. 4)	yes	raw	0	1	0	0					
primeseq__HEK64	primeseq	primeseq	HEK64	RNA-extraction set (Janjic et al. 2022, Fig. 4)	yes	dedup	0	1	0	0					
primeseq__HEK9	primeseq	primeseq	HEK9	RNA-extraction set (Janjic et al. 2022, Fig. 4)	yes	raw	0	0	1	1					
primeseq__HEK9	primeseq	primeseq	HEK9	RNA-extraction set (Janjic et al. 2022, Fig. 4)	yes	dedup	0	0	1	1					
primeseq_native__HEK2	primeseq_native	primeseq	HEK2	RNA-extraction set (Janjic et al. 2022, Fig. 4)	yes	raw	0	0	1	1					
primeseq_native__HEK2	primeseq_native	primeseq	HEK2	RNA-extraction set (Janjic et al. 2022, Fig. 4)	yes	dedup	0	0	1	1					
primeseq_native__HEK20	primeseq_native	primeseq	HEK20	RNA-extraction set (Janjic et al. 2022, Fig. 4)	yes	raw	0	1	0	0					
primeseq_native__HEK20	primeseq_native	primeseq	HEK20	RNA-extraction set (Janjic et al. 2022, Fig. 4)	yes	dedup	0	1	0	0					
primeseq_native__HEK3	primeseq_native	primeseq	HEK3	RNA-extraction set (Janjic et al. 2022, Fig. 4)	yes	raw	0	1	0	0					
primeseq_native__HEK3	primeseq_native	primeseq	HEK3	RNA-extraction set (Janjic et al. 2022, Fig. 4)	yes	dedup	0	1	0	0					
primeseq_native__HEK31	primeseq_native	primeseq	HEK31	RNA-extraction set (Janjic et al. 2022, Fig. 4)	yes	raw	0	1	0	0					
primeseq_native__HEK31	primeseq_native	primeseq	HEK31	RNA-extraction set (Janjic et al. 2022, Fig. 4)	yes	dedup	0	1	0	0					
primeseq_native__HEK42	primeseq_native	primeseq	HEK42	RNA-extraction set (Janjic et al. 2022, Fig. 4)	yes	raw	0	0	0	0					
primeseq_native__HEK42	primeseq_native	primeseq	HEK42	RNA-extraction set (Janjic et al. 2022, Fig. 4)	yes	dedup	0	0	0	0					
primeseq_native__HEK53	primeseq_native	primeseq	HEK53	RNA-extraction set (Janjic et al. 2022, Fig. 4)	yes	raw	3	0	0	0					
primeseq_native__HEK53	primeseq_native	primeseq	HEK53	RNA-extraction set (Janjic et al. 2022, Fig. 4)	yes	dedup	2	0	0	0					
primeseq_native__HEK64	primeseq_native	primeseq	HEK64	RNA-extraction set (Janjic et al. 2022, Fig. 4)	yes	raw	0	1	0	0					
primeseq_native__HEK64	primeseq_native	primeseq	HEK64	RNA-extraction set (Janjic et al. 2022, Fig. 4)	yes	dedup	0	1	0	0					
primeseq_native__HEK9	primeseq_native	primeseq	HEK9	RNA-extraction set (Janjic et al. 2022, Fig. 4)	yes	raw	0	0	1	1					
primeseq_native__HEK9	primeseq_native	primeseq	HEK9	RNA-extraction set (Janjic et al. 2022, Fig. 4)	yes	dedup	0	0	1	1					
