sample	well_species	level	molecules	correct	accuracy_pct	wilson95_lo	wilson95_hi
CADM1_100nM-1	human	L0 mapped, bobcode	2384504	2346257	98.3960	98.3800	98.4119
CADM1_100nM-1	human	L1 single species	2349195	2338763	99.5559	99.5473	99.5644
CADM1_100nM-1	human	L2 not rRNA/MT	2104223	2094267	99.5269	99.5175	99.5360
CADM1_100nM-1	human	L3 mRNA	1517212	1513300	99.7422	99.7340	99.7501
CADM1_100nM-1	human	L4 exact bobcode	1474001	1470760	99.7801	99.7724	99.7876
CADM1_100nM-2	human	L0 mapped, bobcode	2232567	2195283	98.3300	98.3131	98.3467
CADM1_100nM-2	human	L1 single species	2197358	2187596	99.5557	99.5469	99.5644
CADM1_100nM-2	human	L2 not rRNA/MT	1944218	1934973	99.5245	99.5147	99.5341
CADM1_100nM-2	human	L3 mRNA	1426906	1422896	99.7190	99.7102	99.7275
CADM1_100nM-2	human	L4 exact bobcode	1371540	1368092	99.7486	99.7401	99.7568
CADM1_100nM-3	human	L0 mapped, bobcode	2365006	2320462	98.1165	98.0991	98.1338
CADM1_100nM-3	human	L1 single species	2323021	2311497	99.5039	99.4948	99.5129
CADM1_100nM-3	human	L2 not rRNA/MT	2026983	2016137	99.4649	99.4548	99.4749
CADM1_100nM-3	human	L3 mRNA	1486775	1481908	99.6726	99.6633	99.6817
CADM1_100nM-3	human	L4 exact bobcode	1432572	1428795	99.7363	99.7278	99.7446
CADM1_1nM-1	human	L0 mapped, bobcode	2593003	2541698	98.0214	98.0044	98.0383
CADM1_1nM-1	human	L1 single species	2543372	2532616	99.5771	99.5690	99.5850
CADM1_1nM-1	human	L2 not rRNA/MT	2207699	2197607	99.5429	99.5339	99.5517
CADM1_1nM-1	human	L3 mRNA	1586717	1583171	99.7765	99.7691	99.7837
CADM1_1nM-1	human	L4 exact bobcode	1552501	1549283	99.7927	99.7854	99.7998
CADM1_1nM-2	human	L0 mapped, bobcode	2423713	2378242	98.1239	98.1068	98.1409
CADM1_1nM-2	human	L1 single species	2380631	2370376	99.5692	99.5608	99.5775
CADM1_1nM-2	human	L2 not rRNA/MT	2088797	2079082	99.5349	99.5256	99.5440
CADM1_1nM-2	human	L3 mRNA	1492813	1489185	99.7570	99.7489	99.7647
CADM1_1nM-2	human	L4 exact bobcode	1445011	1441937	99.7873	99.7796	99.7946
CADM1_1nM-3	human	L0 mapped, bobcode	2211259	2161899	97.7678	97.7482	97.7872
CADM1_1nM-3	human	L1 single species	2162284	2153391	99.5887	99.5801	99.5972
CADM1_1nM-3	human	L2 not rRNA/MT	1844167	1835973	99.5557	99.5460	99.5652
CADM1_1nM-3	human	L3 mRNA	1328403	1325339	99.7693	99.7610	99.7774
CADM1_1nM-3	human	L4 exact bobcode	1291296	1288536	99.7863	99.7781	99.7941
CHX_dose_1ug_mL-1	human	L0 mapped, bobcode	1740404	1681825	96.6342	96.6073	96.6609
CHX_dose_1ug_mL-1	human	L1 single species	1678217	1669692	99.4920	99.4812	99.5027
CHX_dose_1ug_mL-1	human	L2 not rRNA/MT	1277583	1269915	99.3998	99.3863	99.4131
CHX_dose_1ug_mL-1	human	L3 mRNA	960231	956694	99.6317	99.6193	99.6436
CHX_dose_1ug_mL-1	human	L4 exact bobcode	930296	927065	99.6527	99.6405	99.6644
CHX_dose_1ug_mL-2	human	L0 mapped, bobcode	2035404	1992112	97.8731	97.8531	97.8928
CHX_dose_1ug_mL-2	human	L1 single species	1992928	1982249	99.4642	99.4539	99.4742
CHX_dose_1ug_mL-2	human	L2 not rRNA/MT	1716251	1706245	99.4170	99.4055	99.4283
CHX_dose_1ug_mL-2	human	L3 mRNA	1274548	1270101	99.6511	99.6407	99.6612
CHX_dose_1ug_mL-2	human	L4 exact bobcode	1242128	1238086	99.6746	99.6644	99.6845
CHX_dose_1ug_mL-3	human	L0 mapped, bobcode	1696690	1657813	97.7087	97.6860	97.7311
CHX_dose_1ug_mL-3	human	L1 single species	1658467	1650772	99.5360	99.5256	99.5462
CHX_dose_1ug_mL-3	human	L2 not rRNA/MT	1417164	1410021	99.4960	99.4842	99.5075
CHX_dose_1ug_mL-3	human	L3 mRNA	1054979	1052140	99.7309	99.7208	99.7406
CHX_dose_1ug_mL-3	human	L4 exact bobcode	1005169	1002781	99.7624	99.7527	99.7718
CHX_dose_50ug_mL-1	human	L0 mapped, bobcode	1788086	1737066	97.1467	97.1222	97.1710
CHX_dose_50ug_mL-1	human	L1 single species	1736864	1728268	99.5051	99.4945	99.5154
CHX_dose_50ug_mL-1	human	L2 not rRNA/MT	1399886	1391991	99.4360	99.4235	99.4483
CHX_dose_50ug_mL-1	human	L3 mRNA	996803	993867	99.7055	99.6946	99.7159
CHX_dose_50ug_mL-1	human	L4 exact bobcode	969673	967024	99.7268	99.7162	99.7370
CHX_dose_50ug_mL-2	human	L0 mapped, bobcode	1943614	1891275	97.3071	97.2843	97.3298
CHX_dose_50ug_mL-2	human	L1 single species	1892553	1881604	99.4215	99.4106	99.4322
CHX_dose_50ug_mL-2	human	L2 not rRNA/MT	1540926	1530736	99.3387	99.3258	99.3514
CHX_dose_50ug_mL-2	human	L3 mRNA	1109070	1104367	99.5760	99.5637	99.5879
CHX_dose_50ug_mL-2	human	L4 exact bobcode	1073242	1069508	99.6521	99.6408	99.6630
CHX_dose_50ug_mL-3	human	L0 mapped, bobcode	1976269	1927491	97.5318	97.5101	97.5534
CHX_dose_50ug_mL-3	human	L1 single species	1928009	1919110	99.5384	99.5288	99.5479
CHX_dose_50ug_mL-3	human	L2 not rRNA/MT	1599332	1591178	99.4902	99.4790	99.5011
CHX_dose_50ug_mL-3	human	L3 mRNA	1194223	1191125	99.7406	99.7313	99.7495
CHX_dose_50ug_mL-3	human	L4 exact bobcode	1145688	1142895	99.7562	99.7470	99.7651
Hek_control_1	human	L0 mapped, bobcode	2141399	2084579	97.3466	97.3250	97.3680
Hek_control_1	human	L1 single species	2083463	2074540	99.5717	99.5628	99.5805
Hek_control_1	human	L2 not rRNA/MT	1678039	1669902	99.5151	99.5045	99.5255
Hek_control_1	human	L3 mRNA	1254574	1251064	99.7202	99.7108	99.7293
Hek_control_1	human	L4 exact bobcode	1195897	1192788	99.7400	99.7307	99.7490
Hek_control_2	human	L0 mapped, bobcode	2856948	2802995	98.1115	98.0957	98.1272
Hek_control_2	human	L1 single species	2803187	2792369	99.6141	99.6068	99.6213
Hek_control_2	human	L2 not rRNA/MT	2385954	2375954	99.5809	99.5726	99.5890
Hek_control_2	human	L3 mRNA	1793638	1789950	99.7944	99.7876	99.8009
Hek_control_2	human	L4 exact bobcode	1727834	1724797	99.8242	99.8179	99.8304
Hek_control_3	human	L0 mapped, bobcode	2947669	2870861	97.3943	97.3760	97.4124
Hek_control_3	human	L1 single species	2869677	2856307	99.5341	99.5261	99.5419
Hek_control_3	human	L2 not rRNA/MT	2368322	2355997	99.4796	99.4703	99.4887
Hek_control_3	human	L3 mRNA	1769300	1764194	99.7114	99.7034	99.7192
Hek_control_3	human	L4 exact bobcode	1670248	1665750	99.7307	99.7227	99.7384
RAW_control_1	mouse	L0 mapped, bobcode	1934020	1636619	84.6227	84.5717	84.6734
RAW_control_1	mouse	L1 single species	1882264	1593379	84.6523	84.6007	84.7037
RAW_control_1	mouse	L2 not rRNA/MT	1532430	1520197	99.2017	99.1875	99.2157
RAW_control_1	mouse	L3 mRNA	1114338	1106334	99.2817	99.2659	99.2972
RAW_control_1	mouse	L4 exact bobcode	1082617	1075208	99.3156	99.2999	99.3310
RAW_control_2	mouse	L0 mapped, bobcode	2651459	2258232	85.1694	85.1266	85.2121
RAW_control_2	mouse	L1 single species	2582193	2201148	85.2434	85.2000	85.2866
RAW_control_2	mouse	L2 not rRNA/MT	2119413	2100822	99.1228	99.1102	99.1353
RAW_control_2	mouse	L3 mRNA	1584149	1571890	99.2261	99.2124	99.2397
RAW_control_2	mouse	L4 exact bobcode	1540085	1530465	99.3754	99.3628	99.3877
RAW_control_3	mouse	L0 mapped, bobcode	2731003	2546561	93.2464	93.2165	93.2761
RAW_control_3	mouse	L1 single species	2697479	2518523	93.3658	93.3360	93.3954
RAW_control_3	mouse	L2 not rRNA/MT	2474506	2466003	99.6564	99.6490	99.6636
RAW_control_3	mouse	L3 mRNA	1823524	1818012	99.6977	99.6897	99.7056
RAW_control_3	mouse	L4 exact bobcode	1743216	1738077	99.7052	99.6970	99.7131
Ris_dose_25mM-1	human	L0 mapped, bobcode	2459223	2402560	97.6959	97.6771	97.7146
Ris_dose_25mM-1	human	L1 single species	2403816	2392553	99.5315	99.5227	99.5400
Ris_dose_25mM-1	human	L2 not rRNA/MT	2019158	2008628	99.4785	99.4685	99.4883
Ris_dose_25mM-1	human	L3 mRNA	1482659	1478609	99.7268	99.7183	99.7351
Ris_dose_25mM-1	human	L4 exact bobcode	1409791	1406322	99.7539	99.7456	99.7620
Ris_dose_25mM-2	human	L0 mapped, bobcode	2164839	2085150	96.3189	96.2938	96.3439
Ris_dose_25mM-2	human	L1 single species	2081817	2071023	99.4815	99.4717	99.4912
Ris_dose_25mM-2	human	L2 not rRNA/MT	1491490	1481921	99.3584	99.3455	99.3711
Ris_dose_25mM-2	human	L3 mRNA	1056172	1052555	99.6575	99.6462	99.6685
Ris_dose_25mM-2	human	L4 exact bobcode	1018725	1015489	99.6823	99.6712	99.6931
Ris_dose_25mM-3	human	L0 mapped, bobcode	2713269	2643412	97.4254	97.4064	97.4441
Ris_dose_25mM-3	human	L1 single species	2644989	2631702	99.4977	99.4891	99.5061
Ris_dose_25mM-3	human	L2 not rRNA/MT	2174758	2162378	99.4307	99.4207	99.4407
Ris_dose_25mM-3	human	L3 mRNA	1582201	1577307	99.6907	99.6819	99.6992
Ris_dose_25mM-3	human	L4 exact bobcode	1516264	1512208	99.7325	99.7242	99.7406
Ris_dose_500mM-1	human	L0 mapped, bobcode	393977	369891	93.8864	93.8112	93.9608
Ris_dose_500mM-1	human	L1 single species	368258	365705	99.3067	99.2794	99.3330
Ris_dose_500mM-1	human	L2 not rRNA/MT	207258	205064	98.9414	98.8964	98.9846
Ris_dose_500mM-1	human	L3 mRNA	116093	115274	99.2945	99.2447	99.3411
Ris_dose_500mM-1	human	L4 exact bobcode	75831	75382	99.4079	99.3507	99.4601
Ris_dose_500mM-2	human	L0 mapped, bobcode	510827	486018	95.1434	95.0841	95.2020
Ris_dose_500mM-2	human	L1 single species	485791	482280	99.2773	99.2530	99.3007
Ris_dose_500mM-2	human	L2 not rRNA/MT	289690	286542	98.9133	98.8749	98.9504
Ris_dose_500mM-2	human	L3 mRNA	146904	145630	99.1328	99.0841	99.1789
Ris_dose_500mM-2	human	L4 exact bobcode	140204	139157	99.2532	99.2068	99.2970
Ris_dose_500mM-3	human	L0 mapped, bobcode	346354	328004	94.7020	94.6269	94.7761
Ris_dose_500mM-3	human	L1 single species	327493	325098	99.2687	99.2389	99.2973
Ris_dose_500mM-3	human	L2 not rRNA/MT	175702	173557	98.7792	98.7268	98.8295
Ris_dose_500mM-3	human	L3 mRNA	83647	82942	99.1572	99.0929	99.2169
Ris_dose_500mM-3	human	L4 exact bobcode	79261	78657	99.2380	99.1750	99.2962
