method	sample	value
DRUG-seq	ATCAGCACTT	[100.0, 90.03509908228044, 70.18054358334484, 55.10496387699605]
DRUG-seq	ATCAGCGAGG	[100.0, 90.61230221363455, 70.36122516612089, 55.95872675290536]
DRUG-seq	ATCCGTCCAT	[100.0, 90.43567803157774, 70.45828937733093, 55.27440519178681]
DRUG-seq	ATCGACGGCT	[100.0, 90.55807526942192, 70.34522836767754, 55.82461909314561]
DRUG-seq	ATCTAAGGAG	[100.0, 90.45273287135082, 70.44261091211764, 55.929127839883975]
DRUG-seq	ATGACGGTAA	[100.0, 90.3534632571996, 70.61222484276729, 56.01764213008938]
DRUG-seq	ATGCGGACTG	[100.0, 89.99386848769703, 70.48583599068184, 55.74991202143438]
DRUG-seq	ATGCTTCCTA	[100.0, 90.01225576798439, 70.47137258544208, 55.81997548846403]
DRUG-seq	GAGTAGACCA	[100.0, 89.75892492379246, 69.40542409100908, 54.7711220577606]
DRUG-seq	GATACGCTTA	[100.0, 89.8030394170318, 69.64320248107929, 54.98215003933042]
DRUG-seq	GATAGGTCAA	[100.0, 90.0908651074011, 69.65145178714633, 54.22758031057177]
DRUG-seq	GATATCAGGA	[100.0, 90.12954253218895, 70.05131054558329, 55.327740885432675]
DRUG-seq	GATGAGTGAC	[100.0, 90.37446692103389, 70.166971866496, 55.64466573983909]
DRUG-seq	GATGGATACA	[100.0, 89.12145537689192, 69.20620324576882, 54.810994855481276]
DRUG-seq	GATTGCACGC	[100.0, 90.44685121031897, 70.47908809997396, 55.26557316021516]
DRUG-seq	GCAAGCGAAT	[100.0, 90.52076975933284, 70.47740784526285, 55.36721054001801]
DRUG-seq	TTATAGGAGG	[100.0, 89.7157184523505, 70.43661961535369, 55.15420208916601]
DRUG-seq	TTATCGCGTT	[100.0, 89.88185621812725, 70.20919969987156, 55.39124794933425]
DRUG-seq	TTCAGGAGTA	[100.0, 89.96309748091751, 70.37854215627246, 55.17858876998077]
DRUG-seq	TTCCATCGAG	[100.0, 90.3185567886572, 70.86079479539727, 55.04942488864181]
DRUG-seq	TTGGCAATTC	[100.0, 90.39356466145249, 71.44128242858282, 55.73584522713599]
DRUG-seq	TTGGCTCCAC	[100.0, 90.22210742841852, 70.61169199666273, 55.35144556574867]
DRUG-seq	TTGTCGGCCA	[100.0, 90.12927233974604, 70.95399098842658, 55.356956893020545]
DRUG-seq	TTGTGTTCGA	[100.0, 89.86355619328184, 70.494870592145, 55.563248273033004]
prime-seq	HEK2	[100.0, 90.15197471345104, 67.21897848089141, 37.03515612528336]
prime-seq	HEK20	[100.0, 90.24505992648984, 67.91805358905502, 33.847490832310015]
prime-seq	HEK3	[100.0, 91.63913670722484, 70.37841066768188, 38.342804975179206]
prime-seq	HEK31	[100.0, 90.45345587132286, 67.70527511350173, 35.79161908727158]
prime-seq	HEK42	[100.0, 89.43546802440547, 66.8023286182255, 33.871234525831944]
prime-seq	HEK53	[100.0, 90.03796313579709, 66.5412183081867, 35.32946515970895]
prime-seq	HEK64	[100.0, 89.41985974416266, 69.11788433049269, 39.988151755316636]
prime-seq	HEK9	[100.0, 90.4225138846077, 67.74990941882034, 34.84493042824619]
BOBseq	ACTCACA	[100.0, 93.13571022162655, 70.34012079003516, 56.6315564210291]
BOBseq	AGCAGAC	[100.0, 94.2901369594739, 70.41255156928902, 58.37318487485542]
BOBseq	AGCTCTA	[100.0, 91.75395942754372, 68.20893208266062, 52.24971667256018]
BOBseq	ATACTCC	[100.0, 92.510060299459, 75.00731381378638, 60.365913945478525]
BOBseq	CAAGCAA	[100.0, 93.48974412748052, 74.68333270608724, 59.72279535078992]
BOBseq	CCAAGGA	[100.0, 93.34322926209562, 74.87011810795033, 60.007763535165545]
BOBseq	CCTGTCT	[100.0, 92.43301901382414, 69.74959122350869, 53.49797795413963]
BOBseq	CTAACCT	[100.0, 93.37626651457359, 76.23935020173457, 60.96905670890904]
BOBseq	CTGCGAT	[100.0, 93.71490498265435, 77.50453443035643, 61.8324256285881]
BOBseq	GAATCTG	[100.0, 92.1537379892196, 58.87425759148281, 47.23882285982122]
BOBseq	GAGTAGT	[100.0, 92.61309390260784, 71.68130886515851, 57.29904097229847]
BOBseq	GATATGG	[100.0, 92.5918979412045, 70.57509640588906, 58.94495580209325]
BOBseq	GTTGCTT	[100.0, 93.57759244334022, 79.4401914422757, 63.491263432506706]
BOBseq	TACAAGC	[100.0, 92.85355424067333, 64.87419966575283, 52.24405922916041]
BOBseq	TCGTGAC	[100.0, 94.10062454120181, 78.74341934356012, 63.908921504832904]
BOBseq	TGCCGTT	[100.0, 93.93419805985846, 74.55561846315246, 62.069771387809304]
BOBseq	TGGATGA	[100.0, 93.45698653976346, 72.97807960382022, 59.33914175174999]
BOBseq	TGTCCAC	[100.0, 94.19745677833232, 77.2961048730291, 62.79190333440807]
