method	sample	filtered_reads	molecules_UCI	duplicate_rate_pct	duplicate_rate_pct_at_250k
DRUG-seq	ATCAGCACTT	462831	178921	61.34	47.27
DRUG-seq	ATCAGCGAGG	498125	181826	63.50	47.90
DRUG-seq	ATCCGTCCAT	438551	163024	62.83	50.12
DRUG-seq	ATCGACGGCT	506245	187421	62.98	47.04
DRUG-seq	ATCTAAGGAG	485141	182544	62.37	47.37
DRUG-seq	ATGACGGTAA	433227	160532	62.95	50.61
DRUG-seq	ATGCGGACTG	516446	193245	62.58	46.12
DRUG-seq	ATGCTTCCTA	552927	212349	61.60	43.26
DRUG-seq	GAGTAGACCA	557719	208743	62.57	44.38
DRUG-seq	GATACGCTTA	463422	171718	62.95	48.80
DRUG-seq	GATAGGTCAA	409101	155419	62.01	50.86
DRUG-seq	GATATCAGGA	450079	170730	62.07	48.74
DRUG-seq	GATGAGTGAC	545143	199853	63.34	45.74
DRUG-seq	GATGGATACA	441086	168745	61.74	48.89
DRUG-seq	GATTGCACGC	558195	198688	64.41	46.30
DRUG-seq	GCAAGCGAAT	518917	200581	61.35	44.70
DRUG-seq	TTATAGGAGG	150903	61335	59.35	
DRUG-seq	TTATCGCGTT	217779	86414	60.32	
DRUG-seq	TTCAGGAGTA	284098	116454	59.01	56.14
DRUG-seq	TTCCATCGAG	239634	94623	60.51	
DRUG-seq	TTGGCAATTC	307566	125671	59.14	54.43
DRUG-seq	TTGGCTCCAC	297881	113792	61.80	57.92
DRUG-seq	TTGTCGGCCA	318938	123766	61.19	55.70
DRUG-seq	TTGTGTTCGA	321015	128888	59.85	54.16
prime-seq	HEK2	371193	325220	12.39	8.84
prime-seq	HEK20	562021	490168	12.78	6.50
prime-seq	HEK3	612353	521204	14.89	6.98
prime-seq	HEK31	467649	412908	11.71	6.75
prime-seq	HEK42	544705	481617	11.58	5.89
prime-seq	HEK53	806294	705385	12.52	4.47
prime-seq	HEK64	490729	458223	6.62	3.62
prime-seq	HEK9	644342	568316	11.80	5.19
BOBseq	ACTCACA	5234444	1482121	71.69	11.41
BOBseq	AGCAGAC	4256366	1180155	72.27	13.81
BOBseq	AGCTCTA	3157639	945194	70.07	13.59
BOBseq	ATACTCC	4163984	1229293	70.48	10.89
BOBseq	CAAGCAA	4490941	1296195	71.14	10.40
BOBseq	CCAAGGA	3451967	1016168	70.56	13.03
BOBseq	CCTGTCT	3497265	1040136	70.26	12.86
BOBseq	CTAACCT	5339545	1549799	70.98	8.87
BOBseq	CTGCGAT	5035169	1452631	71.15	9.63
BOBseq	GAATCTG	3527441	998420	71.70	15.59
BOBseq	GAGTAGT	3841016	1139466	70.33	11.48
BOBseq	GATATGG	5977595	1656717	72.28	11.54
BOBseq	GTTGCTT	5107895	1455870	71.50	9.98
BOBseq	TACAAGC	3127949	923037	70.49	14.04
BOBseq	TCGTGAC	4829231	1379798	71.43	10.31
BOBseq	TGCCGTT	6039588	1619895	73.18	12.79
BOBseq	TGGATGA	4900507	1366374	72.12	13.17
BOBseq	TGTCCAC	5051851	1437465	71.55	10.00
