method	sample	depth_filtered_reads	molecules_UCI
DRUG-seq	ATCAGCACTT	50000	41455
DRUG-seq	ATCAGCACTT	100000	71848
DRUG-seq	ATCAGCACTT	250000	131829
DRUG-seq	ATCAGCGAGG	50000	41270
DRUG-seq	ATCAGCGAGG	100000	71437
DRUG-seq	ATCAGCGAGG	250000	130257
DRUG-seq	ATCCGTCCAT	50000	40512
DRUG-seq	ATCCGTCCAT	100000	69615
DRUG-seq	ATCCGTCCAT	250000	124696
DRUG-seq	ATCGACGGCT	50000	41347
DRUG-seq	ATCGACGGCT	100000	71974
DRUG-seq	ATCGACGGCT	250000	132398
DRUG-seq	ATCGACGGCT	500000	186450
DRUG-seq	ATCTAAGGAG	50000	41430
DRUG-seq	ATCTAAGGAG	100000	72032
DRUG-seq	ATCTAAGGAG	250000	131566
DRUG-seq	ATGACGGTAA	50000	40396
DRUG-seq	ATGACGGTAA	100000	69160
DRUG-seq	ATGACGGTAA	250000	123475
DRUG-seq	ATGCGGACTG	50000	41746
DRUG-seq	ATGCGGACTG	100000	72829
DRUG-seq	ATGCGGACTG	250000	134707
DRUG-seq	ATGCGGACTG	500000	190605
DRUG-seq	ATGCTTCCTA	50000	42679
DRUG-seq	ATGCTTCCTA	100000	75362
DRUG-seq	ATGCTTCCTA	250000	141849
DRUG-seq	ATGCTTCCTA	500000	203285
DRUG-seq	GAGTAGACCA	50000	42264
DRUG-seq	GAGTAGACCA	100000	74278
DRUG-seq	GAGTAGACCA	250000	139045
DRUG-seq	GAGTAGACCA	500000	199051
DRUG-seq	GATACGCTTA	50000	40991
DRUG-seq	GATACGCTTA	100000	70992
DRUG-seq	GATACGCTTA	250000	128005
DRUG-seq	GATAGGTCAA	50000	40365
DRUG-seq	GATAGGTCAA	100000	69166
DRUG-seq	GATAGGTCAA	250000	122848
DRUG-seq	GATATCAGGA	50000	40894
DRUG-seq	GATATCAGGA	100000	70657
DRUG-seq	GATATCAGGA	250000	128156
DRUG-seq	GATGAGTGAC	50000	41673
DRUG-seq	GATGAGTGAC	100000	72993
DRUG-seq	GATGAGTGAC	250000	135652
DRUG-seq	GATGAGTGAC	500000	192771
DRUG-seq	GATGGATACA	50000	40904
DRUG-seq	GATGGATACA	100000	70576
DRUG-seq	GATGGATACA	250000	127767
DRUG-seq	GATTGCACGC	50000	41699
DRUG-seq	GATTGCACGC	100000	72732
DRUG-seq	GATTGCACGC	250000	134253
DRUG-seq	GATTGCACGC	500000	189750
DRUG-seq	GCAAGCGAAT	50000	42025
DRUG-seq	GCAAGCGAAT	100000	73956
DRUG-seq	GCAAGCGAAT	250000	138253
DRUG-seq	GCAAGCGAAT	500000	197325
DRUG-seq	TTATAGGAGG	50000	32890
DRUG-seq	TTATAGGAGG	100000	50087
DRUG-seq	TTATCGCGTT	50000	36156
DRUG-seq	TTATCGCGTT	100000	57803
DRUG-seq	TTCAGGAGTA	50000	38706
DRUG-seq	TTCAGGAGTA	100000	64687
DRUG-seq	TTCAGGAGTA	250000	109648
DRUG-seq	TTCCATCGAG	50000	36800
DRUG-seq	TTCCATCGAG	100000	59404
DRUG-seq	TTGGCAATTC	50000	39130
DRUG-seq	TTGGCAATTC	100000	66072
DRUG-seq	TTGGCAATTC	250000	113929
DRUG-seq	TTGGCTCCAC	50000	38274
DRUG-seq	TTGGCTCCAC	100000	63299
DRUG-seq	TTGGCTCCAC	250000	105198
DRUG-seq	TTGTCGGCCA	50000	38727
DRUG-seq	TTGTCGGCCA	100000	64924
DRUG-seq	TTGTCGGCCA	250000	110757
DRUG-seq	TTGTGTTCGA	50000	39475
DRUG-seq	TTGTGTTCGA	100000	66491
DRUG-seq	TTGTGTTCGA	250000	114608
prime-seq	HEK2	50000	48983
prime-seq	HEK2	100000	96095
prime-seq	HEK2	250000	227904
prime-seq	HEK20	50000	49101
prime-seq	HEK20	100000	97022
prime-seq	HEK20	250000	233756
prime-seq	HEK20	500000	441878
prime-seq	HEK3	50000	49095
prime-seq	HEK3	100000	96788
prime-seq	HEK3	250000	232558
prime-seq	HEK3	500000	437052
prime-seq	HEK31	50000	49248
prime-seq	HEK31	100000	97018
prime-seq	HEK31	250000	233113
prime-seq	HEK42	50000	49262
prime-seq	HEK42	100000	97398
prime-seq	HEK42	250000	235278
prime-seq	HEK42	500000	446210
prime-seq	HEK53	50000	49477
prime-seq	HEK53	100000	98075
prime-seq	HEK53	250000	238816
prime-seq	HEK53	500000	458428
prime-seq	HEK64	50000	49559
prime-seq	HEK64	100000	98426
prime-seq	HEK64	250000	240939
prime-seq	HEK9	50000	49361
prime-seq	HEK9	100000	97687
prime-seq	HEK9	250000	237019
prime-seq	HEK9	500000	452287
BOBseq	ACTCACA	50000	48024
BOBseq	ACTCACA	100000	93949
BOBseq	ACTCACA	250000	221476
BOBseq	ACTCACA	500000	405362
BOBseq	ACTCACA	1000000	689314
BOBseq	ACTCACA	2000000	1047217
BOBseq	AGCAGAC	50000	47488
BOBseq	AGCAGAC	100000	92503
BOBseq	AGCAGAC	250000	215469
BOBseq	AGCAGAC	500000	386684
BOBseq	AGCAGAC	1000000	636690
BOBseq	AGCAGAC	2000000	923666
BOBseq	AGCTCTA	50000	48474
BOBseq	AGCTCTA	100000	94145
BOBseq	AGCTCTA	250000	216016
BOBseq	AGCTCTA	500000	377842
BOBseq	AGCTCTA	1000000	597511
BOBseq	AGCTCTA	2000000	823261
BOBseq	ATACTCC	50000	48814
BOBseq	ATACTCC	100000	95347
BOBseq	ATACTCC	250000	222765
BOBseq	ATACTCC	500000	400705
BOBseq	ATACTCC	1000000	661253
BOBseq	ATACTCC	2000000	961914
BOBseq	CAAGCAA	50000	48754
BOBseq	CAAGCAA	100000	95490
BOBseq	CAAGCAA	250000	223995
BOBseq	CAAGCAA	500000	404679
BOBseq	CAAGCAA	1000000	672369
BOBseq	CAAGCAA	2000000	988805
BOBseq	CCAAGGA	50000	48483
BOBseq	CCAAGGA	100000	94331
BOBseq	CCAAGGA	250000	217419
BOBseq	CCAAGGA	500000	383848
BOBseq	CCAAGGA	1000000	614644
BOBseq	CCAAGGA	2000000	859766
BOBseq	CCTGTCT	50000	48500
BOBseq	CCTGTCT	100000	94295
BOBseq	CCTGTCT	250000	217862
BOBseq	CCTGTCT	500000	385856
BOBseq	CCTGTCT	1000000	619442
BOBseq	CCTGTCT	2000000	871930
BOBseq	CTAACCT	50000	48963
BOBseq	CTAACCT	100000	96122
BOBseq	CTAACCT	250000	227815
BOBseq	CTAACCT	500000	417490
BOBseq	CTAACCT	1000000	712092
BOBseq	CTAACCT	2000000	1084358
BOBseq	CTGCGAT	50000	48963
BOBseq	CTGCGAT	100000	95869
BOBseq	CTGCGAT	250000	225923
BOBseq	CTGCGAT	500000	411883
BOBseq	CTGCGAT	1000000	696613
BOBseq	CTGCGAT	2000000	1048386
BOBseq	GAATCTG	50000	47286
BOBseq	GAATCTG	100000	91769
BOBseq	GAATCTG	250000	211013
BOBseq	GAATCTG	500000	371961
BOBseq	GAATCTG	1000000	595876
BOBseq	GAATCTG	2000000	836644
BOBseq	GAGTAGT	50000	48775
BOBseq	GAGTAGT	100000	95118
BOBseq	GAGTAGT	250000	221296
BOBseq	GAGTAGT	500000	395149
BOBseq	GAGTAGT	1000000	644210
BOBseq	GAGTAGT	2000000	922035
BOBseq	GATATGG	50000	47734
BOBseq	GATATGG	100000	93412
BOBseq	GATATGG	250000	221143
BOBseq	GATATGG	500000	407729
BOBseq	GATATGG	1000000	704824
BOBseq	GATATGG	2000000	1094582
BOBseq	GTTGCTT	50000	48854
BOBseq	GTTGCTT	100000	95536
BOBseq	GTTGCTT	250000	225045
BOBseq	GTTGCTT	500000	410125
BOBseq	GTTGCTT	1000000	694134
BOBseq	GTTGCTT	2000000	1044494
BOBseq	TACAAGC	50000	48492
BOBseq	TACAAGC	100000	94011
BOBseq	TACAAGC	250000	214892
BOBseq	TACAAGC	500000	375077
BOBseq	TACAAGC	1000000	589900
BOBseq	TACAAGC	2000000	808995
BOBseq	TCGTGAC	50000	48788
BOBseq	TCGTGAC	100000	95426
BOBseq	TCGTGAC	250000	224219
BOBseq	TCGTGAC	500000	407254
BOBseq	TCGTGAC	1000000	683193
BOBseq	TCGTGAC	2000000	1017573
BOBseq	TGCCGTT	50000	46851
BOBseq	TGCCGTT	100000	91777
BOBseq	TGCCGTT	250000	218032
BOBseq	TGCCGTT	500000	402008
BOBseq	TGCCGTT	1000000	692898
BOBseq	TGCCGTT	2000000	1073017
BOBseq	TGGATGA	50000	47288
BOBseq	TGGATGA	100000	92397
BOBseq	TGGATGA	250000	217067
BOBseq	TGGATGA	500000	394885
BOBseq	TGGATGA	1000000	665466
BOBseq	TGGATGA	2000000	997684
BOBseq	TGTCCAC	50000	48790
BOBseq	TGTCCAC	100000	95571
BOBseq	TGTCCAC	250000	224995
BOBseq	TGTCCAC	500000	409691
BOBseq	TGTCCAC	1000000	691721
BOBseq	TGTCCAC	2000000	1038312
