method	sample	intronic_pct_of_mapped
DRUG-seq	DMSO_I08_ATCAGCACTT	6.6632
DRUG-seq	DMSO_J08_ATCAGCGAGG	6.0563
DRUG-seq	DMSO_K08_ATCCGTCCAT	6.6814
DRUG-seq	DMSO_L08_ATCGACGGCT	6.1940
DRUG-seq	DMSO_M08_ATCTAAGGAG	6.1089
DRUG-seq	DMSO_N08_ATGACGGTAA	6.1386
DRUG-seq	DMSO_O08_ATGCGGACTG	6.1710
DRUG-seq	DMSO_P08_ATGCTTCCTA	5.8749
DRUG-seq	DMSO_I16_GAGTAGACCA	6.2050
DRUG-seq	DMSO_J16_GATACGCTTA	6.0223
DRUG-seq	DMSO_K16_GATAGGTCAA	6.6479
DRUG-seq	DMSO_L16_GATATCAGGA	6.4178
DRUG-seq	DMSO_M16_GATGAGTGAC	5.8746
DRUG-seq	DMSO_N16_GATGGATACA	6.1915
DRUG-seq	DMSO_O16_GATTGCACGC	6.0886
DRUG-seq	DMSO_P16_GCAAGCGAAT	5.7171
DRUG-seq	DMSO_I24_TTATAGGAGG	6.8206
DRUG-seq	DMSO_J24_TTATCGCGTT	6.5468
DRUG-seq	DMSO_K24_TTCAGGAGTA	6.8891
DRUG-seq	DMSO_L24_TTCCATCGAG	7.2103
DRUG-seq	DMSO_M24_TTGGCAATTC	6.9529
DRUG-seq	DMSO_N24_TTGGCTCCAC	6.5698
DRUG-seq	DMSO_O24_TTGTCGGCCA	6.8253
DRUG-seq	DMSO_P24_TTGTGTTCGA	6.4314
prime-seq	HEK2	19.6678
prime-seq	HEK20	24.2251
prime-seq	HEK3	22.2865
prime-seq	HEK31	21.5700
prime-seq	HEK42	23.3612
prime-seq	HEK53	21.4337
prime-seq	HEK64	21.9648
prime-seq	HEK9	23.2367
BOBseq	Hek_control_1	4.0984
BOBseq	Hek_control_2	4.3400
BOBseq	Hek_control_3	3.8188
BOBseq	Ris_dose_25mM-1	5.6182
BOBseq	Ris_dose_25mM-2	5.2716
BOBseq	Ris_dose_25mM-3	6.1356
BOBseq	CADM1_1nM-1	7.1437
BOBseq	CADM1_1nM-2	7.4692
BOBseq	CADM1_1nM-3	7.0114
BOBseq	CADM1_100nM-1	7.3876
BOBseq	CADM1_100nM-2	6.2739
BOBseq	CADM1_100nM-3	6.0972
BOBseq	CHX_dose_1ug_mL-1	5.5406
BOBseq	CHX_dose_1ug_mL-2	6.4675
BOBseq	CHX_dose_1ug_mL-3	6.7614
BOBseq	CHX_dose_50ug_mL-1	8.8422
BOBseq	CHX_dose_50ug_mL-2	8.8766
BOBseq	CHX_dose_50ug_mL-3	6.5263
