method	sample	dedup_molecules_total	annotated_junctions_total	depth	annotated_junctions_expected	all_junctions_expected
DRUG-seq	DMSO_I08_ATCAGCACTT	257229	2125	25000	135.1	136.7
DRUG-seq	DMSO_I08_ATCAGCACTT	257229	2125	50000	234.0	237.3
DRUG-seq	DMSO_I08_ATCAGCACTT	257229	2125	100000	394.2	401.5
DRUG-seq	DMSO_I08_ATCAGCACTT	257229	2125	250000	726.2	750.4
DRUG-seq	DMSO_I16_GAGTAGACCA	301998	2327	25000	140.7	142.5
DRUG-seq	DMSO_I16_GAGTAGACCA	301998	2327	50000	244.8	249.0
DRUG-seq	DMSO_I16_GAGTAGACCA	301998	2327	100000	406.7	415.3
DRUG-seq	DMSO_I16_GAGTAGACCA	301998	2327	250000	719.7	742.9
DRUG-seq	DMSO_I24_TTATAGGAGG	87476	1073	25000	122.2	123.4
DRUG-seq	DMSO_I24_TTATAGGAGG	87476	1073	50000	214.8	217.7
DRUG-seq	DMSO_J08_ATCAGCGAGG	263014	2125	25000	139.2	140.5
DRUG-seq	DMSO_J08_ATCAGCGAGG	263014	2125	50000	243.9	246.5
DRUG-seq	DMSO_J08_ATCAGCGAGG	263014	2125	100000	407.0	412.5
DRUG-seq	DMSO_J08_ATCAGCGAGG	263014	2125	250000	726.8	742.7
DRUG-seq	DMSO_J16_GATACGCTTA	246170	2021	25000	137.2	138.9
DRUG-seq	DMSO_J16_GATACGCTTA	246170	2021	50000	238.4	242.3
DRUG-seq	DMSO_J16_GATACGCTTA	246170	2021	100000	394.5	402.5
DRUG-seq	DMSO_J24_TTATCGCGTT	121112	1270	25000	128.6	130.3
DRUG-seq	DMSO_J24_TTATCGCGTT	121112	1270	50000	219.1	223.9
DRUG-seq	DMSO_J24_TTATCGCGTT	121112	1270	100000	361.8	372.7
DRUG-seq	DMSO_K08_ATCCGTCCAT	235279	1926	25000	136.1	137.9
DRUG-seq	DMSO_K08_ATCCGTCCAT	235279	1926	50000	237.7	241.4
DRUG-seq	DMSO_K08_ATCCGTCCAT	235279	1926	100000	394.3	400.7
DRUG-seq	DMSO_K16_GATAGGTCAA	225706	1888	25000	134.5	136.0
DRUG-seq	DMSO_K16_GATAGGTCAA	225706	1888	50000	236.5	240.1
DRUG-seq	DMSO_K16_GATAGGTCAA	225706	1888	100000	400.6	408.9
DRUG-seq	DMSO_K24_TTCAGGAGTA	165716	1478	25000	123.9	125.2
DRUG-seq	DMSO_K24_TTCAGGAGTA	165716	1478	50000	220.7	223.9
DRUG-seq	DMSO_K24_TTCAGGAGTA	165716	1478	100000	371.8	379.6
DRUG-seq	DMSO_L08_ATCGACGGCT	270671	2127	25000	136.6	138.3
DRUG-seq	DMSO_L08_ATCGACGGCT	270671	2127	50000	240.8	244.9
DRUG-seq	DMSO_L08_ATCGACGGCT	270671	2127	100000	400.5	408.8
DRUG-seq	DMSO_L08_ATCGACGGCT	270671	2127	250000	710.0	732.3
DRUG-seq	DMSO_L16_GATATCAGGA	245321	2025	25000	135.7	137.2
DRUG-seq	DMSO_L16_GATATCAGGA	245321	2025	50000	236.8	240.4
DRUG-seq	DMSO_L16_GATATCAGGA	245321	2025	100000	392.4	399.5
DRUG-seq	DMSO_L24_TTCCATCGAG	135385	1416	25000	121.9	123.4
DRUG-seq	DMSO_L24_TTCCATCGAG	135385	1416	50000	212.7	216.4
DRUG-seq	DMSO_L24_TTCCATCGAG	135385	1416	100000	369.1	375.9
DRUG-seq	DMSO_M08_ATCTAAGGAG	263335	2171	25000	137.1	138.6
DRUG-seq	DMSO_M08_ATCTAAGGAG	263335	2171	50000	236.1	239.5
DRUG-seq	DMSO_M08_ATCTAAGGAG	263335	2171	100000	390.1	397.3
DRUG-seq	DMSO_M08_ATCTAAGGAG	263335	2171	250000	693.7	711.8
DRUG-seq	DMSO_M16_GATGAGTGAC	288440	2162	25000	137.4	139.1
DRUG-seq	DMSO_M16_GATGAGTGAC	288440	2162	50000	236.7	240.6
DRUG-seq	DMSO_M16_GATGAGTGAC	288440	2162	100000	390.7	399.1
DRUG-seq	DMSO_M16_GATGAGTGAC	288440	2162	250000	702.9	725.2
DRUG-seq	DMSO_M24_TTGGCAATTC	180321	1613	25000	117.0	118.2
DRUG-seq	DMSO_M24_TTGGCAATTC	180321	1613	50000	209.5	212.6
DRUG-seq	DMSO_M24_TTGGCAATTC	180321	1613	100000	355.8	362.7
DRUG-seq	DMSO_N08_ATGACGGTAA	230928	1898	25000	129.0	130.4
DRUG-seq	DMSO_N08_ATGACGGTAA	230928	1898	50000	224.4	227.1
DRUG-seq	DMSO_N08_ATGACGGTAA	230928	1898	100000	382.7	388.8
DRUG-seq	DMSO_N16_GATGGATACA	243025	2022	25000	135.3	137.2
DRUG-seq	DMSO_N16_GATGGATACA	243025	2022	50000	234.4	238.9
DRUG-seq	DMSO_N16_GATGGATACA	243025	2022	100000	390.3	399.8
DRUG-seq	DMSO_N24_TTGGCTCCAC	162029	1481	25000	124.2	125.6
DRUG-seq	DMSO_N24_TTGGCTCCAC	162029	1481	50000	214.7	217.9
DRUG-seq	DMSO_N24_TTGGCTCCAC	162029	1481	100000	356.4	361.8
DRUG-seq	DMSO_O08_ATGCGGACTG	279388	2092	25000	129.9	131.8
DRUG-seq	DMSO_O08_ATGCGGACTG	279388	2092	50000	224.9	229.0
DRUG-seq	DMSO_O08_ATGCGGACTG	279388	2092	100000	374.4	382.5
DRUG-seq	DMSO_O08_ATGCGGACTG	279388	2092	250000	685.0	708.3
DRUG-seq	DMSO_O16_GATTGCACGC	289635	2139	25000	131.4	133.4
DRUG-seq	DMSO_O16_GATTGCACGC	289635	2139	50000	227.0	231.5
DRUG-seq	DMSO_O16_GATTGCACGC	289635	2139	100000	381.3	389.8
DRUG-seq	DMSO_O16_GATTGCACGC	289635	2139	250000	710.2	731.0
DRUG-seq	DMSO_O24_TTGTCGGCCA	177870	1602	25000	121.6	123.3
DRUG-seq	DMSO_O24_TTGTCGGCCA	177870	1602	50000	213.7	217.4
DRUG-seq	DMSO_O24_TTGTCGGCCA	177870	1602	100000	355.5	363.1
DRUG-seq	DMSO_P08_ATGCTTCCTA	300958	2229	25000	128.3	129.9
DRUG-seq	DMSO_P08_ATGCTTCCTA	300958	2229	50000	225.5	229.5
DRUG-seq	DMSO_P08_ATGCTTCCTA	300958	2229	100000	384.4	392.0
DRUG-seq	DMSO_P08_ATGCTTCCTA	300958	2229	250000	713.9	737.5
DRUG-seq	DMSO_P16_GCAAGCGAAT	289828	2197	25000	131.0	132.4
DRUG-seq	DMSO_P16_GCAAGCGAAT	289828	2197	50000	226.9	230.5
DRUG-seq	DMSO_P16_GCAAGCGAAT	289828	2197	100000	382.1	390.1
DRUG-seq	DMSO_P16_GCAAGCGAAT	289828	2197	250000	700.8	724.9
DRUG-seq	DMSO_P24_TTGTGTTCGA	182319	1641	25000	120.6	122.5
DRUG-seq	DMSO_P24_TTGTGTTCGA	182319	1641	50000	210.3	214.3
DRUG-seq	DMSO_P24_TTGTGTTCGA	182319	1641	100000	357.3	364.5
prime-seq	HEK2	626526	14376	25000	141.8	141.8
prime-seq	HEK2	626526	14376	50000	327.0	327.0
prime-seq	HEK2	626526	14376	100000	696.5	696.5
prime-seq	HEK2	626526	14376	250000	1707.6	1708.0
prime-seq	HEK2	626526	14376	500000	3100.2	3103.1
prime-seq	HEK20	1046811	19679	25000	114.2	114.2
prime-seq	HEK20	1046811	19679	50000	270.8	270.8
prime-seq	HEK20	1046811	19679	100000	600.0	600.1
prime-seq	HEK20	1046811	19679	250000	1553.7	1554.8
prime-seq	HEK20	1046811	19679	500000	2949.0	2953.7
prime-seq	HEK20	1046811	19679	1000000	5345.7	5364.0
prime-seq	HEK3	1034466	20225	25000	127.2	127.2
prime-seq	HEK3	1034466	20225	50000	305.2	305.3
prime-seq	HEK3	1034466	20225	100000	672.7	672.8
prime-seq	HEK3	1034466	20225	250000	1699.0	1699.7
prime-seq	HEK3	1034466	20225	500000	3185.9	3189.9
prime-seq	HEK3	1034466	20225	1000000	5642.9	5660.6
prime-seq	HEK31	826906	16184	25000	127.0	127.0
prime-seq	HEK31	826906	16184	50000	294.8	294.8
prime-seq	HEK31	826906	16184	100000	639.3	639.4
prime-seq	HEK31	826906	16184	250000	1596.6	1597.3
prime-seq	HEK31	826906	16184	500000	2969.3	2973.7
prime-seq	HEK42	1004870	18996	25000	126.8	126.8
prime-seq	HEK42	1004870	18996	50000	289.0	289.0
prime-seq	HEK42	1004870	18996	100000	623.1	623.2
prime-seq	HEK42	1004870	18996	250000	1582.9	1583.7
prime-seq	HEK42	1004870	18996	500000	2963.1	2966.4
prime-seq	HEK42	1004870	18996	1000000	5301.3	5313.2
prime-seq	HEK53	1414219	23626	25000	146.0	146.0
prime-seq	HEK53	1414219	23626	50000	323.1	323.1
prime-seq	HEK53	1414219	23626	100000	671.5	671.6
prime-seq	HEK53	1414219	23626	250000	1648.2	1649.2
prime-seq	HEK53	1414219	23626	500000	3068.1	3073.1
prime-seq	HEK53	1414219	23626	1000000	5475.7	5491.9
prime-seq	HEK64	792276	15843	25000	140.5	140.5
prime-seq	HEK64	792276	15843	50000	320.8	320.9
prime-seq	HEK64	792276	15843	100000	674.1	674.2
prime-seq	HEK64	792276	15843	250000	1627.0	1628.3
prime-seq	HEK64	792276	15843	500000	3015.4	3019.7
prime-seq	HEK9	1169719	21028	25000	124.7	124.7
prime-seq	HEK9	1169719	21028	50000	287.6	287.6
prime-seq	HEK9	1169719	21028	100000	623.3	623.3
prime-seq	HEK9	1169719	21028	250000	1582.4	1582.8
prime-seq	HEK9	1169719	21028	500000	2997.9	2999.9
prime-seq	HEK9	1169719	21028	1000000	5416.7	5424.9
BOBseq	CADM1_100nM-1	3940012	76200	25000	496.7	496.7
BOBseq	CADM1_100nM-1	3940012	76200	50000	1061.8	1062.1
BOBseq	CADM1_100nM-1	3940012	76200	100000	2172.8	2174.7
BOBseq	CADM1_100nM-1	3940012	76200	250000	5205.4	5218.4
BOBseq	CADM1_100nM-1	3940012	76200	500000	9439.7	9483.3
BOBseq	CADM1_100nM-1	3940012	76200	1000000	16080.4	16214.5
BOBseq	CADM1_100nM-1	3940012	76200	2000000	25836.2	26239.0
BOBseq	CADM1_100nM-2	3647290	75005	25000	508.8	508.8
BOBseq	CADM1_100nM-2	3647290	75005	50000	1088.8	1089.3
BOBseq	CADM1_100nM-2	3647290	75005	100000	2243.2	2245.4
BOBseq	CADM1_100nM-2	3647290	75005	250000	5365.8	5380.6
BOBseq	CADM1_100nM-2	3647290	75005	500000	9685.4	9733.9
BOBseq	CADM1_100nM-2	3647290	75005	1000000	16463.6	16605.9
BOBseq	CADM1_100nM-2	3647290	75005	2000000	26383.1	26796.9
BOBseq	CADM1_100nM-3	3802130	76583	25000	515.0	515.0
BOBseq	CADM1_100nM-3	3802130	76583	50000	1098.0	1098.4
BOBseq	CADM1_100nM-3	3802130	76583	100000	2246.3	2248.5
BOBseq	CADM1_100nM-3	3802130	76583	250000	5363.0	5377.4
BOBseq	CADM1_100nM-3	3802130	76583	500000	9715.3	9761.0
BOBseq	CADM1_100nM-3	3802130	76583	1000000	16565.4	16703.1
BOBseq	CADM1_100nM-3	3802130	76583	2000000	26532.4	26936.8
BOBseq	CADM1_1nM-1	4132179	76417	25000	475.6	475.7
BOBseq	CADM1_1nM-1	4132179	76417	50000	1019.5	1019.7
BOBseq	CADM1_1nM-1	4132179	76417	100000	2100.7	2102.4
BOBseq	CADM1_1nM-1	4132179	76417	250000	5051.4	5063.2
BOBseq	CADM1_1nM-1	4132179	76417	500000	9178.2	9219.9
BOBseq	CADM1_1nM-1	4132179	76417	1000000	15719.1	15849.0
BOBseq	CADM1_1nM-1	4132179	76417	2000000	25315.2	25699.0
BOBseq	CADM1_1nM-2	3910594	74802	25000	487.1	487.1
BOBseq	CADM1_1nM-2	3910594	74802	50000	1041.0	1041.3
BOBseq	CADM1_1nM-2	3910594	74802	100000	2129.4	2131.3
BOBseq	CADM1_1nM-2	3910594	74802	250000	5080.2	5092.9
BOBseq	CADM1_1nM-2	3910594	74802	500000	9195.4	9238.2
BOBseq	CADM1_1nM-2	3910594	74802	1000000	15684.2	15816.2
BOBseq	CADM1_1nM-2	3910594	74802	2000000	25191.2	25587.5
BOBseq	CADM1_1nM-3	3456370	71943	25000	496.8	496.9
BOBseq	CADM1_1nM-3	3456370	71943	50000	1057.3	1057.6
BOBseq	CADM1_1nM-3	3456370	71943	100000	2164.6	2166.6
BOBseq	CADM1_1nM-3	3456370	71943	250000	5149.1	5162.6
BOBseq	CADM1_1nM-3	3456370	71943	500000	9291.1	9335.6
BOBseq	CADM1_1nM-3	3456370	71943	1000000	15812.6	15948.3
BOBseq	CADM1_1nM-3	3456370	71943	2000000	25358.5	25759.9
BOBseq	CHX_dose_1ug_mL-1	2406718	65548	25000	469.0	469.0
BOBseq	CHX_dose_1ug_mL-1	2406718	65548	50000	1035.8	1036.1
BOBseq	CHX_dose_1ug_mL-1	2406718	65548	100000	2183.5	2185.1
BOBseq	CHX_dose_1ug_mL-1	2406718	65548	250000	5296.3	5307.6
BOBseq	CHX_dose_1ug_mL-1	2406718	65548	500000	9636.7	9676.9
BOBseq	CHX_dose_1ug_mL-1	2406718	65548	1000000	16512.2	16645.6
BOBseq	CHX_dose_1ug_mL-1	2406718	65548	2000000	26564.4	26995.9
BOBseq	CHX_dose_1ug_mL-2	3233265	70457	25000	471.7	471.8
BOBseq	CHX_dose_1ug_mL-2	3233265	70457	50000	1031.9	1032.3
BOBseq	CHX_dose_1ug_mL-2	3233265	70457	100000	2152.7	2154.6
BOBseq	CHX_dose_1ug_mL-2	3233265	70457	250000	5171.5	5183.4
BOBseq	CHX_dose_1ug_mL-2	3233265	70457	500000	9331.5	9371.5
BOBseq	CHX_dose_1ug_mL-2	3233265	70457	1000000	15853.6	15986.9
BOBseq	CHX_dose_1ug_mL-2	3233265	70457	2000000	25307.3	25726.1
BOBseq	CHX_dose_1ug_mL-3	2666005	65977	25000	475.2	475.3
BOBseq	CHX_dose_1ug_mL-3	2666005	65977	50000	1042.4	1042.8
BOBseq	CHX_dose_1ug_mL-3	2666005	65977	100000	2174.5	2176.7
BOBseq	CHX_dose_1ug_mL-3	2666005	65977	250000	5217.4	5230.1
BOBseq	CHX_dose_1ug_mL-3	2666005	65977	500000	9414.7	9455.1
BOBseq	CHX_dose_1ug_mL-3	2666005	65977	1000000	16034.6	16165.2
BOBseq	CHX_dose_1ug_mL-3	2666005	65977	2000000	25712.8	26145.0
BOBseq	CHX_dose_50ug_mL-1	2620033	64361	25000	388.4	388.5
BOBseq	CHX_dose_50ug_mL-1	2620033	64361	50000	874.9	875.3
BOBseq	CHX_dose_50ug_mL-1	2620033	64361	100000	1872.3	1874.4
BOBseq	CHX_dose_50ug_mL-1	2620033	64361	250000	4650.7	4664.2
BOBseq	CHX_dose_50ug_mL-1	2620033	64361	500000	8607.9	8655.7
BOBseq	CHX_dose_50ug_mL-1	2620033	64361	1000000	14995.3	15153.4
BOBseq	CHX_dose_50ug_mL-1	2620033	64361	2000000	24397.3	24872.0
BOBseq	CHX_dose_50ug_mL-2	2889440	69465	25000	376.5	376.6
BOBseq	CHX_dose_50ug_mL-2	2889440	69465	50000	866.6	867.0
BOBseq	CHX_dose_50ug_mL-2	2889440	69465	100000	1884.5	1886.6
BOBseq	CHX_dose_50ug_mL-2	2889440	69465	250000	4767.3	4779.3
BOBseq	CHX_dose_50ug_mL-2	2889440	69465	500000	8914.8	8956.0
BOBseq	CHX_dose_50ug_mL-2	2889440	69465	1000000	15637.0	15775.0
BOBseq	CHX_dose_50ug_mL-2	2889440	69465	2000000	25563.6	26008.0
BOBseq	CHX_dose_50ug_mL-3	2998697	70250	25000	428.5	428.6
BOBseq	CHX_dose_50ug_mL-3	2998697	70250	50000	962.0	962.5
BOBseq	CHX_dose_50ug_mL-3	2998697	70250	100000	2055.9	2058.1
BOBseq	CHX_dose_50ug_mL-3	2998697	70250	250000	5097.3	5110.5
BOBseq	CHX_dose_50ug_mL-3	2998697	70250	500000	9394.8	9439.5
BOBseq	CHX_dose_50ug_mL-3	2998697	70250	1000000	16247.8	16397.3
BOBseq	CHX_dose_50ug_mL-3	2998697	70250	2000000	26248.5	26722.9
BOBseq	Hek_control_1	3141861	69198	25000	522.0	522.1
BOBseq	Hek_control_1	3141861	69198	50000	1109.1	1109.6
BOBseq	Hek_control_1	3141861	69198	100000	2258.9	2261.6
BOBseq	Hek_control_1	3141861	69198	250000	5341.6	5358.2
BOBseq	Hek_control_1	3141861	69198	500000	9595.1	9649.0
BOBseq	Hek_control_1	3141861	69198	1000000	16172.1	16334.3
BOBseq	Hek_control_1	3141861	69198	2000000	25679.1	26140.3
BOBseq	Hek_control_2	4458509	80133	25000	507.7	507.7
BOBseq	Hek_control_2	4458509	80133	50000	1084.7	1085.1
BOBseq	Hek_control_2	4458509	80133	100000	2232.0	2234.0
BOBseq	Hek_control_2	4458509	80133	250000	5362.0	5375.6
BOBseq	Hek_control_2	4458509	80133	500000	9720.3	9767.6
BOBseq	Hek_control_2	4458509	80133	1000000	16503.3	16646.8
BOBseq	Hek_control_2	4458509	80133	2000000	26336.1	26739.2
BOBseq	Hek_control_3	4428049	78153	25000	510.5	510.6
BOBseq	Hek_control_3	4428049	78153	50000	1082.8	1083.1
BOBseq	Hek_control_3	4428049	78153	100000	2213.2	2214.8
BOBseq	Hek_control_3	4428049	78153	250000	5286.4	5298.2
BOBseq	Hek_control_3	4428049	78153	500000	9557.4	9600.3
BOBseq	Hek_control_3	4428049	78153	1000000	16219.0	16354.7
BOBseq	Hek_control_3	4428049	78153	2000000	25819.4	26214.9
BOBseq	Ris_dose_25mM-1	3762178	71479	25000	471.5	471.5
BOBseq	Ris_dose_25mM-1	3762178	71479	50000	1012.7	1012.9
BOBseq	Ris_dose_25mM-1	3762178	71479	100000	2087.0	2088.6
BOBseq	Ris_dose_25mM-1	3762178	71479	250000	4983.7	4996.1
BOBseq	Ris_dose_25mM-1	3762178	71479	500000	9012.7	9057.3
BOBseq	Ris_dose_25mM-1	3762178	71479	1000000	15390.4	15530.2
BOBseq	Ris_dose_25mM-1	3762178	71479	2000000	24677.1	25091.7
BOBseq	Ris_dose_25mM-2	2773437	60970	25000	434.5	434.5
BOBseq	Ris_dose_25mM-2	2773437	60970	50000	919.9	920.2
BOBseq	Ris_dose_25mM-2	2773437	60970	100000	1892.6	1894.4
BOBseq	Ris_dose_25mM-2	2773437	60970	250000	4564.2	4576.0
BOBseq	Ris_dose_25mM-2	2773437	60970	500000	8356.0	8396.7
BOBseq	Ris_dose_25mM-2	2773437	60970	1000000	14425.5	14556.0
BOBseq	Ris_dose_25mM-2	2773437	60970	2000000	23305.8	23708.8
BOBseq	Ris_dose_25mM-3	4056845	72948	25000	455.5	455.5
BOBseq	Ris_dose_25mM-3	4056845	72948	50000	977.1	977.4
BOBseq	Ris_dose_25mM-3	4056845	72948	100000	2016.4	2018.0
BOBseq	Ris_dose_25mM-3	4056845	72948	250000	4844.4	4856.2
BOBseq	Ris_dose_25mM-3	4056845	72948	500000	8786.9	8828.9
BOBseq	Ris_dose_25mM-3	4056845	72948	1000000	14985.5	15119.6
BOBseq	Ris_dose_25mM-3	4056845	72948	2000000	24070.3	24471.9
