method	sample	balance_2x_centroid
DRUG-seq	DMSO_I08_ATCAGCACTT	1.63700
DRUG-seq	DMSO_J08_ATCAGCGAGG	1.63716
DRUG-seq	DMSO_K08_ATCCGTCCAT	1.63917
DRUG-seq	DMSO_L08_ATCGACGGCT	1.63812
DRUG-seq	DMSO_M08_ATCTAAGGAG	1.63658
DRUG-seq	DMSO_N08_ATGACGGTAA	1.64711
DRUG-seq	DMSO_O08_ATGCGGACTG	1.63800
DRUG-seq	DMSO_P08_ATGCTTCCTA	1.63988
DRUG-seq	DMSO_I16_GAGTAGACCA	1.63097
DRUG-seq	DMSO_J16_GATACGCTTA	1.63113
DRUG-seq	DMSO_K16_GATAGGTCAA	1.63906
DRUG-seq	DMSO_L16_GATATCAGGA	1.63951
DRUG-seq	DMSO_M16_GATGAGTGAC	1.63231
DRUG-seq	DMSO_N16_GATGGATACA	1.63411
DRUG-seq	DMSO_O16_GATTGCACGC	1.63521
DRUG-seq	DMSO_P16_GCAAGCGAAT	1.63390
DRUG-seq	DMSO_I24_TTATAGGAGG	1.66241
DRUG-seq	DMSO_J24_TTATCGCGTT	1.66761
DRUG-seq	DMSO_K24_TTCAGGAGTA	1.65229
DRUG-seq	DMSO_L24_TTCCATCGAG	1.64550
DRUG-seq	DMSO_M24_TTGGCAATTC	1.65005
DRUG-seq	DMSO_N24_TTGGCTCCAC	1.64618
DRUG-seq	DMSO_O24_TTGTCGGCCA	1.65095
DRUG-seq	DMSO_P24_TTGTGTTCGA	1.65397
prime-seq	HEK2	1.22254
prime-seq	HEK20	1.21320
prime-seq	HEK3	1.21824
prime-seq	HEK31	1.25684
prime-seq	HEK42	1.21352
prime-seq	HEK53	1.20010
prime-seq	HEK64	1.28520
prime-seq	HEK9	1.20996
BOBseq	Hek_control_1	1.06830
BOBseq	Hek_control_2	1.06537
BOBseq	Hek_control_3	1.07726
BOBseq	Ris_dose_25mM-1	1.08897
BOBseq	Ris_dose_25mM-2	1.11813
BOBseq	Ris_dose_25mM-3	1.08728
BOBseq	CADM1_1nM-1	1.07821
BOBseq	CADM1_1nM-2	1.07694
BOBseq	CADM1_1nM-3	1.06553
BOBseq	CADM1_100nM-1	1.06142
BOBseq	CADM1_100nM-2	1.05903
BOBseq	CADM1_100nM-3	1.05038
BOBseq	CHX_dose_1ug_mL-1	1.07424
BOBseq	CHX_dose_1ug_mL-2	1.10271
BOBseq	CHX_dose_1ug_mL-3	1.09049
BOBseq	CHX_dose_50ug_mL-1	1.15188
BOBseq	CHX_dose_50ug_mL-2	1.15307
BOBseq	CHX_dose_50ug_mL-3	1.13930
