method	sample	reads	mean_aligned_length	total_aligned_bases	fragments	bases_per_fragment	aligned_bases_at_250k
DRUG-seq	drugseq-DMSO_I08_ATCAGCACTT	516574	51.088	26390901	516574	51.088	12772000
DRUG-seq	drugseq-DMSO_J08_ATCAGCGAGG	553739	51.109	28300796	553739	51.109	12777250
DRUG-seq	drugseq-DMSO_K08_ATCCGTCCAT	489153	51.043	24967657	489153	51.043	12760750
DRUG-seq	drugseq-DMSO_L08_ATCGACGGCT	564360	51.062	28817504	564360	51.062	12765500
DRUG-seq	drugseq-DMSO_M08_ATCTAAGGAG	539625	51.100	27574723	539625	51.100	12775000
DRUG-seq	drugseq-DMSO_N08_ATGACGGTAA	482511	51.102	24657403	482511	51.102	12775500
DRUG-seq	drugseq-DMSO_O08_ATGCGGACTG	576149	51.055	29415005	576149	51.055	12763750
DRUG-seq	drugseq-dmso-rep3	618392	51.147	31628882	618392	51.147	12786750
DRUG-seq	drugseq-dmso	622425	51.105	31809000	622425	51.105	12776250
DRUG-seq	drugseq-DMSO_J16_GATACGCTTA	518766	51.072	26494186	518766	51.072	12768000
DRUG-seq	drugseq-DMSO_K16_GATAGGTCAA	460874	51.023	23515126	460874	51.023	12755750
DRUG-seq	drugseq-DMSO_L16_GATATCAGGA	502678	51.037	25655398	502678	51.037	12759250
DRUG-seq	drugseq-DMSO_M16_GATGAGTGAC	607525	51.105	31047358	607525	51.105	12776250
DRUG-seq	drugseq-DMSO_N16_GATGGATACA	492472	51.072	25151420	492472	51.072	12768000
DRUG-seq	drugseq-dmso-rep2	628747	51.052	32098960	628747	51.052	12763000
DRUG-seq	drugseq-DMSO_P16_GCAAGCGAAT	586656	51.120	29989889	586656	51.120	12780000
DRUG-seq	drugseq-DMSO_I24_TTATAGGAGG	169233	50.939	8620638	169233	50.939	12734750
DRUG-seq	drugseq-DMSO_J24_TTATCGCGTT	243709	50.910	12407277	243709	50.910	12727500
DRUG-seq	drugseq-DMSO_K24_TTCAGGAGTA	318879	50.906	16232910	318879	50.906	12726500
DRUG-seq	drugseq-DMSO_L24_TTCCATCGAG	270309	50.905	13760004	270309	50.905	12726250
DRUG-seq	drugseq-DMSO_M24_TTGGCAATTC	345125	50.968	17590284	345125	50.968	12742000
DRUG-seq	drugseq-DMSO_N24_TTGGCTCCAC	334263	50.990	17044170	334263	50.990	12747500
DRUG-seq	drugseq-DMSO_O24_TTGTCGGCCA	357844	51.001	18250383	357844	51.001	12750250
DRUG-seq	drugseq-DMSO_P24_TTGTGTTCGA	357609	51.079	18266326	357609	51.079	12769750
prime-seq	primeseq-HEK2	440547	49.380	21754347	440547	49.380	12345000
prime-seq	primeseq-hek-rep3	665812	49.376	32874966	665812	49.376	12344000
prime-seq	primeseq-HEK3	706699	49.423	34926860	706699	49.423	12355750
prime-seq	primeseq-HEK31	560777	49.390	27696612	560777	49.390	12347500
prime-seq	primeseq-HEK42	651342	49.397	32174538	651342	49.397	12349250
prime-seq	primeseq-hek	949407	49.382	46883717	949407	49.382	12345500
prime-seq	primeseq-HEK64	553376	49.393	27333067	553376	49.393	12348250
prime-seq	primeseq-hek-rep2	760919	49.370	37566774	760919	49.370	12342500
BOBseq	bobseq-hek	8747933	133.969	1171951987	4319900	271.291	67822750
BOBseq	bobseq-Hek_control_2	12346731	133.881	1652990093	6105230	270.750	67687500
BOBseq	bobseq-hek-rep3	12251571	133.830	1639625978	6055210	270.779	67694750
BOBseq	bobseq-ris-25mM	10052516	133.361	1340613790	4978125	269.301	67325250
BOBseq	bobseq-Ris_dose_25mM-2	7214774	133.093	960237438	3576528	268.483	67120750
BOBseq	bobseq-Ris_dose_25mM-3	10706832	133.461	1428944597	5301356	269.543	67385750
BOBseq	bobseq-cadm1-1nM	10919327	132.456	1446335501	5405228	267.581	66895250
BOBseq	bobseq-cadm1-1nM-rep2	10287489	132.448	1362559113	5090911	267.645	66911250
BOBseq	bobseq-cadm1-1nM-rep3	9204798	132.396	1218676011	4548456	267.932	66983000
BOBseq	bobseq-cadm1-100nM	10452724	132.504	1385028359	5167916	268.005	67001250
BOBseq	bobseq-CADM1_100nM-2	9897783	132.585	1312301626	4888611	268.441	67110250
BOBseq	bobseq-CADM1_100nM-3	10351339	132.658	1373186537	5107742	268.844	67211000
BOBseq	bobseq-chx-1ug	6449649	130.268	840184782	3191319	263.272	65818000
BOBseq	bobseq-CHX_dose_1ug_mL-2	8591397	130.634	1122330442	4253146	263.882	65970500
BOBseq	bobseq-CHX_dose_1ug_mL-3	7105331	130.445	926854758	3523402	263.057	65764250
BOBseq	bobseq-chx-50ug	6485435	130.109	843812280	3222473	261.852	65463000
BOBseq	bobseq-CHX_dose_50ug_mL-2	7179875	130.468	936740833	3563730	262.854	65713500
BOBseq	bobseq-CHX_dose_50ug_mL-3	7912430	130.490	1032490603	3926686	262.942	65735500
