drugseq-DMSO_I08_ATCAGCACTT	drugseq/DMSO_I08_ATCAGCACTT.bam	DRUG-seq
drugseq-DMSO_J08_ATCAGCGAGG	drugseq/DMSO_J08_ATCAGCGAGG.bam	DRUG-seq
drugseq-DMSO_K08_ATCCGTCCAT	drugseq/DMSO_K08_ATCCGTCCAT.bam	DRUG-seq
drugseq-DMSO_L08_ATCGACGGCT	drugseq/DMSO_L08_ATCGACGGCT.bam	DRUG-seq
drugseq-DMSO_M08_ATCTAAGGAG	drugseq/DMSO_M08_ATCTAAGGAG.bam	DRUG-seq
drugseq-DMSO_N08_ATGACGGTAA	drugseq/DMSO_N08_ATGACGGTAA.bam	DRUG-seq
drugseq-DMSO_O08_ATGCGGACTG	drugseq/DMSO_O08_ATGCGGACTG.bam	DRUG-seq
drugseq-dmso-rep3	drugseq/DMSO_P08_ATGCTTCCTA.bam	DRUG-seq
drugseq-dmso	drugseq/DMSO_I16_GAGTAGACCA.bam	DRUG-seq
drugseq-DMSO_J16_GATACGCTTA	drugseq/DMSO_J16_GATACGCTTA.bam	DRUG-seq
drugseq-DMSO_K16_GATAGGTCAA	drugseq/DMSO_K16_GATAGGTCAA.bam	DRUG-seq
drugseq-DMSO_L16_GATATCAGGA	drugseq/DMSO_L16_GATATCAGGA.bam	DRUG-seq
drugseq-DMSO_M16_GATGAGTGAC	drugseq/DMSO_M16_GATGAGTGAC.bam	DRUG-seq
drugseq-DMSO_N16_GATGGATACA	drugseq/DMSO_N16_GATGGATACA.bam	DRUG-seq
drugseq-dmso-rep2	drugseq/DMSO_O16_GATTGCACGC.bam	DRUG-seq
drugseq-DMSO_P16_GCAAGCGAAT	drugseq/DMSO_P16_GCAAGCGAAT.bam	DRUG-seq
drugseq-DMSO_I24_TTATAGGAGG	drugseq/DMSO_I24_TTATAGGAGG.bam	DRUG-seq
drugseq-DMSO_J24_TTATCGCGTT	drugseq/DMSO_J24_TTATCGCGTT.bam	DRUG-seq
drugseq-DMSO_K24_TTCAGGAGTA	drugseq/DMSO_K24_TTCAGGAGTA.bam	DRUG-seq
drugseq-DMSO_L24_TTCCATCGAG	drugseq/DMSO_L24_TTCCATCGAG.bam	DRUG-seq
drugseq-DMSO_M24_TTGGCAATTC	drugseq/DMSO_M24_TTGGCAATTC.bam	DRUG-seq
drugseq-DMSO_N24_TTGGCTCCAC	drugseq/DMSO_N24_TTGGCTCCAC.bam	DRUG-seq
drugseq-DMSO_O24_TTGTCGGCCA	drugseq/DMSO_O24_TTGTCGGCCA.bam	DRUG-seq
drugseq-DMSO_P24_TTGTGTTCGA	drugseq/DMSO_P24_TTGTGTTCGA.bam	DRUG-seq
primeseq-HEK2	primeseq/HEK2.bam	prime-seq
primeseq-hek-rep3	primeseq/HEK20.bam	prime-seq
primeseq-HEK3	primeseq/HEK3.bam	prime-seq
primeseq-HEK31	primeseq/HEK31.bam	prime-seq
primeseq-HEK42	primeseq/HEK42.bam	prime-seq
primeseq-hek	primeseq/HEK53.bam	prime-seq
primeseq-HEK64	primeseq/HEK64.bam	prime-seq
primeseq-hek-rep2	primeseq/HEK9.bam	prime-seq
bobseq-hek	bobseq_50nt/Hek_control_1.bam	BOBseq
bobseq-Hek_control_2	bobseq_50nt/Hek_control_2.bam	BOBseq
bobseq-hek-rep3	bobseq_50nt/Hek_control_3.bam	BOBseq
bobseq-ris-25mM	bobseq_50nt/Ris_dose_25mM-1.bam	BOBseq
bobseq-Ris_dose_25mM-2	bobseq_50nt/Ris_dose_25mM-2.bam	BOBseq
bobseq-Ris_dose_25mM-3	bobseq_50nt/Ris_dose_25mM-3.bam	BOBseq
bobseq-cadm1-1nM	bobseq_50nt/CADM1_1nM-1.bam	BOBseq
bobseq-cadm1-1nM-rep2	bobseq_50nt/CADM1_1nM-2.bam	BOBseq
bobseq-cadm1-1nM-rep3	bobseq_50nt/CADM1_1nM-3.bam	BOBseq
bobseq-cadm1-100nM	bobseq_50nt/CADM1_100nM-1.bam	BOBseq
bobseq-CADM1_100nM-2	bobseq_50nt/CADM1_100nM-2.bam	BOBseq
bobseq-CADM1_100nM-3	bobseq_50nt/CADM1_100nM-3.bam	BOBseq
bobseq-chx-1ug	bobseq_50nt/CHX_dose_1ug_mL-1.bam	BOBseq
bobseq-CHX_dose_1ug_mL-2	bobseq_50nt/CHX_dose_1ug_mL-2.bam	BOBseq
bobseq-CHX_dose_1ug_mL-3	bobseq_50nt/CHX_dose_1ug_mL-3.bam	BOBseq
bobseq-chx-50ug	bobseq_50nt/CHX_dose_50ug_mL-1.bam	BOBseq
bobseq-CHX_dose_50ug_mL-2	bobseq_50nt/CHX_dose_50ug_mL-2.bam	BOBseq
bobseq-CHX_dose_50ug_mL-3	bobseq_50nt/CHX_dose_50ug_mL-3.bam	BOBseq
