drugseq-DMSO_I08_ATCAGCACTT	drugseq_native/DMSO_I08_ATCAGCACTT.bam	DRUG-seq
drugseq-DMSO_J08_ATCAGCGAGG	drugseq_native/DMSO_J08_ATCAGCGAGG.bam	DRUG-seq
drugseq-DMSO_K08_ATCCGTCCAT	drugseq_native/DMSO_K08_ATCCGTCCAT.bam	DRUG-seq
drugseq-DMSO_L08_ATCGACGGCT	drugseq_native/DMSO_L08_ATCGACGGCT.bam	DRUG-seq
drugseq-DMSO_M08_ATCTAAGGAG	drugseq_native/DMSO_M08_ATCTAAGGAG.bam	DRUG-seq
drugseq-DMSO_N08_ATGACGGTAA	drugseq_native/DMSO_N08_ATGACGGTAA.bam	DRUG-seq
drugseq-DMSO_O08_ATGCGGACTG	drugseq_native/DMSO_O08_ATGCGGACTG.bam	DRUG-seq
drugseq-dmso-rep3	drugseq_native/DMSO_P08_ATGCTTCCTA.bam	DRUG-seq
drugseq-dmso	drugseq_native/DMSO_I16_GAGTAGACCA.bam	DRUG-seq
drugseq-DMSO_J16_GATACGCTTA	drugseq_native/DMSO_J16_GATACGCTTA.bam	DRUG-seq
drugseq-DMSO_K16_GATAGGTCAA	drugseq_native/DMSO_K16_GATAGGTCAA.bam	DRUG-seq
drugseq-DMSO_L16_GATATCAGGA	drugseq_native/DMSO_L16_GATATCAGGA.bam	DRUG-seq
drugseq-DMSO_M16_GATGAGTGAC	drugseq_native/DMSO_M16_GATGAGTGAC.bam	DRUG-seq
drugseq-DMSO_N16_GATGGATACA	drugseq_native/DMSO_N16_GATGGATACA.bam	DRUG-seq
drugseq-dmso-rep2	drugseq_native/DMSO_O16_GATTGCACGC.bam	DRUG-seq
drugseq-DMSO_P16_GCAAGCGAAT	drugseq_native/DMSO_P16_GCAAGCGAAT.bam	DRUG-seq
drugseq-DMSO_I24_TTATAGGAGG	drugseq_native/DMSO_I24_TTATAGGAGG.bam	DRUG-seq
drugseq-DMSO_J24_TTATCGCGTT	drugseq_native/DMSO_J24_TTATCGCGTT.bam	DRUG-seq
drugseq-DMSO_K24_TTCAGGAGTA	drugseq_native/DMSO_K24_TTCAGGAGTA.bam	DRUG-seq
drugseq-DMSO_L24_TTCCATCGAG	drugseq_native/DMSO_L24_TTCCATCGAG.bam	DRUG-seq
drugseq-DMSO_M24_TTGGCAATTC	drugseq_native/DMSO_M24_TTGGCAATTC.bam	DRUG-seq
drugseq-DMSO_N24_TTGGCTCCAC	drugseq_native/DMSO_N24_TTGGCTCCAC.bam	DRUG-seq
drugseq-DMSO_O24_TTGTCGGCCA	drugseq_native/DMSO_O24_TTGTCGGCCA.bam	DRUG-seq
drugseq-DMSO_P24_TTGTGTTCGA	drugseq_native/DMSO_P24_TTGTGTTCGA.bam	DRUG-seq
primeseq-HEK2	primeseq_native/HEK2.bam	prime-seq
primeseq-hek-rep3	primeseq_native/HEK20.bam	prime-seq
primeseq-HEK3	primeseq_native/HEK3.bam	prime-seq
primeseq-HEK31	primeseq_native/HEK31.bam	prime-seq
primeseq-HEK42	primeseq_native/HEK42.bam	prime-seq
primeseq-hek	primeseq_native/HEK53.bam	prime-seq
primeseq-HEK64	primeseq_native/HEK64.bam	prime-seq
primeseq-hek-rep2	primeseq_native/HEK9.bam	prime-seq
bobseq-hek	bobseq_pe_native/Hek_control_1.bam	BOBseq
bobseq-Hek_control_2	bobseq_pe_native/Hek_control_2.bam	BOBseq
bobseq-hek-rep3	bobseq_pe_native/Hek_control_3.bam	BOBseq
bobseq-ris-25mM	bobseq_pe_native/Ris_dose_25mM-1.bam	BOBseq
bobseq-Ris_dose_25mM-2	bobseq_pe_native/Ris_dose_25mM-2.bam	BOBseq
bobseq-Ris_dose_25mM-3	bobseq_pe_native/Ris_dose_25mM-3.bam	BOBseq
bobseq-cadm1-1nM	bobseq_pe_native/CADM1_1nM-1.bam	BOBseq
bobseq-cadm1-1nM-rep2	bobseq_pe_native/CADM1_1nM-2.bam	BOBseq
bobseq-cadm1-1nM-rep3	bobseq_pe_native/CADM1_1nM-3.bam	BOBseq
bobseq-cadm1-100nM	bobseq_pe_native/CADM1_100nM-1.bam	BOBseq
bobseq-CADM1_100nM-2	bobseq_pe_native/CADM1_100nM-2.bam	BOBseq
bobseq-CADM1_100nM-3	bobseq_pe_native/CADM1_100nM-3.bam	BOBseq
bobseq-chx-1ug	bobseq_pe_native/CHX_dose_1ug_mL-1.bam	BOBseq
bobseq-CHX_dose_1ug_mL-2	bobseq_pe_native/CHX_dose_1ug_mL-2.bam	BOBseq
bobseq-CHX_dose_1ug_mL-3	bobseq_pe_native/CHX_dose_1ug_mL-3.bam	BOBseq
bobseq-chx-50ug	bobseq_pe_native/CHX_dose_50ug_mL-1.bam	BOBseq
bobseq-CHX_dose_50ug_mL-2	bobseq_pe_native/CHX_dose_50ug_mL-2.bam	BOBseq
bobseq-CHX_dose_50ug_mL-3	bobseq_pe_native/CHX_dose_50ug_mL-3.bam	BOBseq
