region	n_methods	up_higher_than_truseq	down_lower_than_truseq	total	symbols_up	symbols_down
BOBseq	1	1050	633	1683	LAS1L;BAD;MAD1L1;ARF5;RBM6;TMEM132A;PAF1;MARK4;CCDC124;MATK;LUC7L;TSR3;CDK11A;NADK;MPND;NFIX;MED24;RHOBTB2;DYRK4;FYN;AKAP8L;PPP5C;PSMC4;DDX11;XYLT2;WWTR1;PHLDB1;RNF10;B4GALT7;RANBP3;TMSB10;MRI1;SPDL1;SLC66A1;PHF23;INPP4A;RETSAT;AP2S1;CUL7;NOP16;CYBA;THOC3;RRP12;USE1;RELT;SZRD1;CYFIP2;CROCC;OGFR;HDAC7;CA11;U2AF2;EPN1;RFXANK;HMG20B;TAF11;NHERF2;NTHL1;WDR18;ASB1;TBC1D1;YBX1;NFYC;MSANTD3;ROGDI;GPKOW;GRIPAP1;GAL;PHRF1;BUD23;TCF3;DAZAP1;FAM3A;CPSF1;AP1M1;PVR;SMARCE1;MYDGF;TIMM21;ACTB;WDR62;SART3;UNG;MAP2K7;SNRPA;EXOSC5;DYNC1I2;CAPZB;UBE2K;SDF4;CIC;DNM2;EPB41L2;KEAP1;MOK;DLGAP4;SMARCD3;WDR70;EPB41L3;NFE2L1;YTHDC1;EIF3I;POMGNT1;TMED2;SRRT;BAX;PSMC5;RTRAF;GMCL1;AAMDC;CNOT3;KHSRP;EPB41L1;COQ9;DYNLL1;ERP29;FUS;GRAMD1A;NUDC;STRN4;TFAP4;DNAJB11;RAB11FIP3;MCOLN1;NAT14;SPAG7;ORC6;TMEM101;PSME1;PHGDH;NUP50;CDC45;COMT;LRRFIP2;DHPS;ACOT7;MYO9B;PSMD8;SETD1A;BCL7C;CIRBP;NDUFB7;TECR;CDC34;CEP170B;POLRMT;RANBP1;SMARCB1;PES1;GGA1;TFIP11;ANKRD54;MICALL1;POLR2F;PICK1;CENPM;SBF1;EIF3D;SGSM3;IFT27;KIAA0930;FAM118A;KCTD17;ZC3H7B;TRMU;PMM1;RBM23;GSTZ1;AHSA1;DHRS7;SRSF5;ACIN1;APEX1;DCAF11;NFKBIA;EMC9;PSME2;GSS;GINS1;NINL;MYBL2;PRPF6;PSMA7;EEF1A2;ADISSP;ARFRP1;HM13;POFUT1;NOP56;CHMP4B;CST3;DNTTIP1;SYP;NAA10;RBBP7;PQBP1;EMD;TAFAZZIN;PIN4;ARMCX3;BEX4;CDADC1;CENPT;ACD;VAC14;AXIN1;HCFC1R1;ANTKMT;STUB1;NUBP1;PIEZO1;HMOX2;MAZ;STX4;NOMO1;RNF40;CSK;CTSH;CD276;FAH;HOMER2;EIF3J;NEFM;KLHDC4;ECH1;NFKBIB;SNRNP70;RNASEH2A;STX10;PTOV1;TLE5;SGTA;MED25;IL27RA;FAM32A;AKAP8;ILVBL;PDCD5;FBL;YJU2;POLR2I;SLC1A5;PRKD2;CACTIN;HNRNPUL1;MYH14;ETFB;CDC37;NAPA;RABAC1;KDELR1;CYTH2;LIG1;DBP;PPP2R1A;GCDH;PRPF31;TFPT;ARRDC2;PIK3R2;ISYNA1;COPE;DDX49;TMEM147;USF2;FKBP8;SUGP1;PDAP1;BUD31;NUDT1;TAF6;RBM28;IMPDH1;ZNHIT1;BLVRA;AK1;BAG1;TWNK;LZTS2;NPM3;CUEDC2;STN1;UBTF;CASC3;CDK5RAP3;RNF167;FTSJ3;SYNGR2;B9D1;LUC7L3;CRACD;GAR1;ZPR1;ST3GAL4;PRPF19;TMEM109;ANAPC15;C11orf58;PSMD9;P3H3;COQ5;METAP2;FOXM1;ARPC3;GAPDH;NOP2;USP5;SRSF9;HDDC2;TPD52L1;NCOA7;RNF8;SLC39A7;PHF1;BYSL;PTK7;DNPH1;LAMA4;PFDN1;TARS1;WWC1;BNIP1;DBN1;TIMMDC1;GNAI2;UMPS;PODXL2;ZBTB47;EIF4G1;NCL;EIF2B4;PSMD14;REEP6;AUP1;HTRA2;FN1;IGFBP2;UXS1;PPP1R7;WIPF1;SPR;CACYBP;MAD2L2;ZBTB17;MAP7D1;RPF1;GALE;EBNA1BP2;CDC20;B4GALT2;ERI3;STK11;SPCS2;EEF2KMT;ABCD4;FAM98A;RCL1;SIL1;PAIP2;TMPO;MTERF2;SORBS3;TBX2;PILRB;KHDRBS1;POLR3GL;CBX3;HNRNPA2B1;CLTA;ZWINT;RBM19;DDX54;DDX39A;TRIR;WDR83;PFDN5;ATG101;PLCG1;SNRNP27;RRP36;SNRPC;NQO2;TBCC;DEK;RNF113A;ARMC7;PPP1R12C;SLC2A4RG;GTF2F1;TRIP10;VASP;SYMPK;SNRPB;ITPA;CITED1;HNRNPR;MAX;RALY;DYNLRB1;ERGIC3;ROMO1;UROD;CAPNS1;PDCD2L;RBM42;COX6B1;THRA;PRDX5;IRF3;AIF1L;MAP2K2;INTS11;COX7C;TRAF2;YEATS4;FGFRL1;PIN1;EPS15L1;GFER;CHTF18;EMC6;AAMP;PNKD;ECHS1;POR;ATF4;APOL2;PRKRIP1;CLN6;SERGEF;RPAIN;TXNDC17;KIF1C;MPDU1;SLC44A2;DOHH;ELOF1;PRKCSH;NECTIN2;TOMM40;FAM98C;SAFB2;ARPC1B;MAP1S;SSBP4;UBAC1;TUBGCP2;OSBPL2;CHMP2A;UBE2M;TRIM28;METTL26;ATG4D;ATP5IF1;MED18;PPAN;EIF3G;DKC1;DUSP9;HABP4;COX4I1;GSE1;RAB11FIP4;NR1H2;PSMC3IP;DIAPH1;NDFIP1;PDHA1;SELENOS;CC2D1A;ILKAP;UTP3;REEP2;FLOT2;NASP;CTNNBL1;TCEAL4;WDR74;ADCK2;AGAP3;CCDC59;HSD17B4;RBM17;GNL2;TIMM10;COL4A2;UBAC2;GOLM1;P2RX4;ATP5MC2;BLOC1S1;TROAP;HNRNPA1;MAP7;DHX9;LAMC1;ARMC9;COG3;ZDHHC4;DDX56;NMT1;BIN1;IMP4;C9orf78;STXBP1;USP20;XPA;ANP32B;PDCL;POLR1E;GRHPR;CNPY3;TUBB2A;TCF19;FLOT1;VARS2;TAF8;RMDN3;PREB;DTNB;COX17;PPCDC;UBL7;HNRNPD;GUCD1;B4GALNT3;ZCRB1;SNRPF;MMAB;TARBP2;NABP2;LMBR1L;MYG1;ANP32A;COMMD4;TPM1;UNC45A;ARMC5;NDUFB10;DEF8;TCF25;GAS8;GFOD2;NOB1;G6PC3;PELP1;SAT2;ARHGDIA;NARF;RPTOR;TRIM65;FKBP10;SAMD1;PGGHG;COL6A1;AKT1;PSMB6;NOSIP;RERE;EFHD2;PEX14;PGD;ZNF593;PFDN2;CRABP2;HDGF;TARS2;CGN;ANP32E;ATP8B2;ADAM15;TPM3;UBAP2L;ACP1;PYCR2;GALM;DIS3L2;DYNC1LI1;EIF2B5;LYAR;NDUFS6;YIPF5;TNIP1;NHP2;BOD1;TRIM41;PPP1R18;AIG1;C7orf50;HDAC8;NONO;RBMX;UTP23;NDUFB9;GSN;SURF2;SURF6;REXO4;GTF3C5;PTGES2;PAXX;DNAJB12;DGKZ;SLC43A1;LAMTOR1;MTA2;EML3;INCENP;B3GAT3;PLCB3;ALDOA;PDCD4;CDC123;MZT2B;SRP19;CENPH;CARHSP1;TXNDC11;UBALD1;CFDP1;ANKH;CC2D1B;NEIL2;MARVELD1;MOV10;DBI;PDIA4;SUPV3L1;UTP14A;AIFM1;FBRS;MALSU1;SEC13;DHRS4;DDX19B;RER1;SKI;TSPAN33;TSR2;ZC3H18;ZFAND2B;GPAT4;TAGLN2;CCAR2;CFAP298;SNF8;C	CYP51A1;ALS2;SLC7A2;SLC25A13;DHX33;CIAPIN1;VPS41;ADIPOR2;PAFAH1B1;SPAG9;UBE3C;REV3L;ZNF207;PIK3C2A;RABGAP1;MAP4K5;PGM3;POLR3B;SLC30A9;COX15;MRE11;SPAST;AQR;GCLM;DEPDC1;SLC39A9;RABEP1;ZCCHC8;VCL;ADSS2;VCAN;RAI14;DSG2;SCML1;GOPC;USP28;EIF2AK2;ZFR;RC3H2;QSER1;BCAT1;WAPL;ZNF275;BLTP3A;GNAI3;IPO5;PKN2;MAP2K4;SLK;MTHFD2;DIP2B;ASPM;ATG2B;NEO1;PHKA1;ROCK1;KIF2A;PSME4;MAPK6;LRP6;ELP1;SLC44A1;AP3M2;AFF4;FBXW11;LMAN1;ZZEF1;SRI;MCM6;USP33;UBE2A;PCM1;ITCH;SENP1;RIF1;RAB21;ME2;GEMIN5;DOP1A;CYLD;FAT1;STARD7;CAD;PREP;SLC25A24;MAP3K4;CPNE3;EIF2AK1;TXLNG;HUWE1;TPX2;CRLS1;ATRN;XRN2;SLC23A2;GCN1;RBM41;RCOR1;USP48;PDPR;GLG1;KIF4A;EXOC1;SUPT16H;SEC22C;ARCN1;FKBP5;CDC5L;SH3GLB1;ABLIM1;MTAP;CRKL;MAPK1;SRRD;DDX17;FBXO7;FOXRED2;ST13;RBX1;EP300;ZBED4;TMED8;PPM1A;RAB5IF;ADNP;CSTF1;SEC23B;RPRD1B;AHCY;ADNP2;SMCHD1;RNMT;MIB1;RIOK3;POLA1;MID1;AMMECR1;ELF4;PGK1;STK24;SUPT20H;KPNA3;PHKB;N4BP1;ARL2BP;USP10;SLC7A5;UBFD1;GGA2;RBL2;CCP110;FZD3;BPNT2;RAB2A;ARMC1;VRK3;AVL9;CDK6;CBLL1;MTPN;ZC3HAV1;H2AZ2;FKBP14;CASP2;LSM5;EZH2;TSPAN13;TMEM245;TGFBR1;PPP3CB;ARHGAP21;MTPAP;SMC3;CCDC6;GOSR1;SLAIN2;USP46;ELF2;CLCN3;FBXW7;RAPGEF2;KLHL5;OSBP;KMT5B;RNF141;DDX6;CBL;GTF2H1;PRDM4;CAMKK2;SLC38A1;DSE;MCM9;FBXO5;MTRF1L;MAPK14;FBXO9;ASCC3;WASF1;ACOT13;ZBTB24;PERP;EXOC2;RNF130;RAD1;TCERG1;SMAD5;ACTR8;FAM162A;PRKAR2A;GNB4;KLHL18;WDR48;COMMD2;SSR3;MOB1A;KANSL3;PIKFYVE;GTF3C2;BIRC6;PLEKHB2;ORC2;NFE2L2;FARSB;RAP1A;ASH1L;SMG7;TTF2;AKT3;KDM5B;KLHL12;PIK3R3;DR1;PRDX6;STX12;ESYT2;STAG1;ATF6;FASTKD2;CREB1;PHF3;PLAGL1;RAB3GAP2;KLF9;PTBP3;PPP6C;ALG2;KDSR;DNAL1;AREL1;RHOQ;YIPF4;CRIPT;OGFRL1;TCTN3;WDR11;GNA13;KANSL1;PANK3;MTHFD1L;PDZD11;MASTL;PROSER1;UFM1;KDM3B;UTP20;ZNF706;DESI2;COPA;ACO1;MED13L;ATP7B;TUBA1B;LPGAT1;PLA2G12A;STAMBP;USP9X;MRS2;XPO5;EEF1E1;CNOT1;GTF3C4;CCDC93;MED1;MCM8;PLAGL2;PSMB2;AGO3;DNAJC8;KTN1;TRMT5;SRD5A3;PAICS;IFT22;MYO1B;ORMDL1;ARPP19;PALLD;SNX6;MIS18BP1;XPO7;QRSL1;EIF2S3;LATS1;GINS2;SH3BGRL;RLIM;TBC1D5;ANKHD1;UBE2D2;PTCD3;IMMT;BTBD3;SERINC3;GPALPP1;IRS4;BTG1;KRAS;ZFC3H1;NUMB;THUMPD3;GSTM3;SORT1;SPIRE1;ROCK2;DSC3;DTNA;APC;RFK;NAA35;MAP3K7;URB2;CEP350;TTLL4;CAB39;SCRN1;HUS1;IREB2;CALCOCO2;VEZF1;KAT7;EPRS1;SAP130;UGGT1;ECPAS;KIF23;KNL1;FNBP1L;DBT;SELENOI;PNPT1;CENPO;KIF11;CEP55;TMOD3;USO1;GSTCD;PPP3CA;FBN2;TMTC3;NUP58;SBNO1;RBM26;NAA30;MFAP1;SORD;ABHD2;PARN;PDPK1;NPEPPS;CLTC;SMAD4;PMAIP1;URB1;TIPRL;ABL2;POGZ;INTS7;TP53BP2;MAP3K21;CNIH4;MBOAT2;EML4;EXOC6B;LNPK;EAF1;TMF1;NXPE3;KLHL8;CISD2;PPIP5K2;PM20D2;RARS2;SHPRH;TMEM181;ZMYM4;CASK;NSD3;AK3;HAUS6;CEP78;MFSD14B;MRRF;POLE3;RSU1;EIF4EBP2;DSN1;SAP18;PIP4K2A;GXYLT1;QTRT2;CACUL1;MGAT5;UHMK1;UTRN;ANAPC1;SMARCA5;RBMS1;RMND5A;CHD1;IMPACT;TOMM70;CCSAP;ATP5MC3;DPH3;PPP4R1;C16orf87;HYCC2;ADK;ATAD2;SMG1;PAXIP1;APPL1;DYRK1A;UBN2;AP3S2;FMNL2;BABAM2;EYA3;PPP1R15B;CDC42SE2;UBE2Z;GNE;MED27;ADAR;SLC25A44;ZYG11B;USP24;PRKAA2;KLHL21;JAK1;USP1;AGL;ZNF281;B3GALNT2;DHX57;HIPK1;LRRC58;TMEM183A;CCT3;SLMAP;TOPBP1;RYK;KIAA1143;PBRM1;TASOR;HSPA4L;C4orf3;ICE1;OTUD4;NIPBL;HEY1;ZNF704;SLC25A32;STRBP;GAPVD1;BRWD3;SPTSSA;ZNF22;NUDT5;VDAC2;PDZD8;TSC1;CPSF2;CEP295;HIF1AN;RNF169;ATMIN;DCTN5;TBC1D2B;CDK12;ATP5MG;TSR1;KIAA1586;RFWD3;CDC40;AHCYL1;USP39;SIN3A;HINT1;MAP3K2;SIMC1;CRTAP;NFRKB;DENND5B;ELOVL6;KIF5B;LSM3;TANC2;JAGN1;ZNF562;ZNF318;RHNO1;RRM2;PTEN;ZNF24;OXSR1;PHF8;CKS1B;GOLGB1;NUDT4;FBXO45;MGA;PITPNA;ANGEL2;TMEM167A;DENND6A;DHX36;CKAP5;EIF3F;ARL10;KCMF1;ANO6;RPS6KA3;TOP3A;AP3S1;IMP3;DPY19L3;TAF7;EDC3;PTPN11;GEMIN4;PAK2;PCGF5;LRRC57;SETD2;C5orf24;NPLOC4;ANXA2;RBM12B;PTP4A2;PCDH9;TM2D3;C6orf120;SP1;ANKFY1;UBE2H;KATNA1;ZFP91;TEAD1;DYNC2H1;USP7;NHEJ1;LIN28B;UBQLN2;SRSF10;NBR1;NDUFA4;SF3B3;LIN54;BLOC1S2;NIF3L1;IARS1;ZBTB44;TSC22D2;AMZ2;NF1;NHLRC2;ARHGEF12;METTL9;ZMYM1;DDI2;TRIM33;ATG7;TOPORS;ENPP1;OCLN;ERO1A;MPZL1;VPS13A;HELZ;SDAD1;GFPT1;ITSN2;TXNRD1;YTHDF2;LRBA;CALM1;IPO9;LRIG2;UBE2J1;SMC5;TATDN3;BMPR2;PRR3;MZT1;ZBTB10;TSN;SFT2D2;KLHL23;NRAS;ARHGAP19;LEPROT;RTL10;PEX26;TENM3;ATXN1L;PARG;ATP5PO;ATXN7L3B;PRKDC;DENND11;BOLA2-SMG1P6;GTF2I;RNF115;SEC22B;NBPF15;NBPF9;POM121C;DCP1A;DERPC;SOD2
prime-seq	1	897	817	1714	TSPAN6;NIPAL3;KRIT1;CFLAR;SARM1;CDC27;KMT2E;MYCBP2;ZFX;ZNF263;RALA;PAX6;PSMB1;AASS;REV3L;BTBD7;TTC19;PIK3C2A;RABGAP1;CEP68;MAP4K5;ZMYND11;RUFY3;AQR;RB1CC1;ERP44;SNAPC1;DEPDC1;PHF20;SEC63;VIM;BCLAF1;TFB1M;VCL;RFC1;USP2;VCAN;RAI14;CNTLN;DSG2;OFD1;GOPC;VPS13D;CELF2;FAM120A;H6PD;ARID1B;NEDD4L;LIMA1;PLEKHA5;FNIP2;TTC17;NOP58;ZFR;USP13;ZC3H11A;PTPRU;QSER1;BCAT1;GPBP1;WAPL;ZNF275;SLC12A2;GNAI3;MCM10;SLK;CDK13;ASPM;DNTTIP2;ROCK1;PDK3;HEATR6;KIF2A;PSME4;ERLEC1;NUCKS1;LRP6;PTPN3;SLC44A1;PABPC1;ATP2B1;RPS6KA2;RDH11;ADGRL1;HMMR;KDM5A;IGF2BP2;DPP8;LMAN1;HACD3;EIF4G3;GTSE1;ZNF638;RASAL2;ZNF37A;TMEM131;PAG1;TOP2B;POLD3;JADE1;TIGAR;SYNJ2;PPP2R5C;NRDC;PCM1;XRCC5;SAR1A;RIF1;PUM3;CNOT4;HSP90AA1;RSBN1;GEMIN5;LYRM2;DIS3;PDS5B;CYLD;ZNF324;ZNF264;ATRX;CPNE3;MAST2;NFX1;TXLNG;SH3BP2;KLHL42;GNAS;DDX18;TPX2;DNAAF9;GCN1;TRMT6;PEBP1;IGBP1;RBM41;GPATCH2L;NDUFB2;GNPTG;PDPR;GLG1;KIF4A;RBM27;MAP3K20;HECTD1;SUPT16H;SEMA6A;AGO1;DPYSL2;HDAC6;CWF19L1;SRPK1;CDC5L;CCDC134;FBXO7;ZMAT5;TXN2;FOXRED2;RBX1;EP300;ACO2;CDKN3;TMED8;SPTLC2;SNW1;CEP128;PCNX1;VRK1;RPS6KA5;ARHGAP5;PSMA6;PYGB;STK4;SAMHD1;ADNP2;SMCHD1;RNMT;RNF125;MIB1;RBBP8;PGRMC1;POLA1;AMMECR1;ATP11C;MAGT1;PBDC1;PARP4;SUPT20H;KPNA3;LONP2;CTCF;TSC2;ZNF500;SLC7A5;FBXO31;EEF2K;GSPT1;CCP110;VPS35L;SPG11;SGK3;CSPP1;FZD3;POP1;UBR5;SQLE;MED26;MEGF8;TNPO2;ZNF574;POLR1F;PALS2;ZC3HAV1;TAX1BP1;FKBP14;PSMA2;TMEM245;CORO2A;TLE4;MPDZ;GATA3;RAB11FIP2;ATE1;ARHGAP21;ANKRD26;SMC3;SHOC2;ZMIZ1;FBXL20;RAD51C;TMEM97;ELF2;FBXW7;SH3D19;RAPGEF2;NCAPG;HSPA8;DDX6;MLEC;DUSP16;NAA25;DDX55;SLC38A1;KRR1;GNPTAB;DSE;CEP85L;SASH1;MTRF1L;FANCE;MDN1;ZNF451;BAG2;ASCC3;C6orf62;SLC16A10;SRF;PRP4K;MSH3;TCERG1;SMAD5;CSNK1A1;UBE3A;PRKAR2A;USP4;IFT57;GNB4;PLXNA1;SCAP;ARHGEF26;NKTR;INO80D;PIKFYVE;STEAP3;EPB41L5;TANC1;GTF3C2;CCDC88A;IGFBP5;CHMP3;CEBPZ;RAB3GAP1;THADA;PCYOX1;EPAS1;PLEKHA3;FARSB;BCL9;MARK1;KCNC4;ASH1L;RO60;SRSF11;TTF2;RRAGC;MTR;SIPA1L2;ZNHIT6;RAB29;ECE1;PIK3R3;DR1;RCAN3;KIF14;CAMSAP2;ATF6;CREB1;CASP8AP2;PHF3;RAB3GAP2;UCHL3;CYP20A1;HEATR1;PTBP3;FKBP15;CTNNAL1;NEK6;YLPM1;RHOQ;YIPF4;BCL11A;CRIPT;SLF2;KANSL1;MSX2;ACAT2;EPC1;WBP4;HSPH1;EXOSC8;UTP20;UBIAD1;TENT4B;ZCCHC17;PDS5A;MTIF3;COPA;RBBP6;ZNF644;CCDC18;RPAP2;HYCC1;CISD1;MED13L;RNF11;ITPR2;PRDX4;LPGAT1;ACSL3;TTPAL;NCOA3;MOCS3;ZNF576;USP9X;ABCC10;ATXN1;DMAC2L;GTF3C4;THOC2;MED1;TMX4;STK35;MCM8;AMOT;PSMB2;AGO3;EMG1;KTN1;SLC35E1;PKMYT1;MACF1;SRD5A3;VPS13C;PALLD;PHF20L1;PUS7L;MIS18BP1;REEP5;MAP7D3;SGO1;MAU2;NALF2;GNL3L;LDLR;COLGALT1;PXDN;ZNF337;ADRM1;TMEM160;CLIP1;HIP1R;MTRFR;PPIL4;LATS1;RLIM;KIF3A;ANKHD1;EXOC4;THOC6;TOP2A;KHDRBS3;PNISR;IGHMBP2;SERINC3;AP3B1;PATJ;TMCC2;GPALPP1;IRS4;SLF1;KRAS;LARS1;SWAP70;ZFC3H1;MBD2;PRPF38B;SORT1;NOTCH2;KIDINS220;LPIN1;CDC73;PUM1;TUT4;DSC2;DTNA;DHX34;ARGLU1;CARS2;APC;NAA35;TBX3;TES;CD63;GDF11;MDM2;DYNC1LI2;PCNX2;TMEM127;GCC2;CKAP4;CKAP2;TBC1D4;IREB2;VEZF1;KAT7;EPRS1;SMPD4;UGGT1;DNAJC1;SMC2;SLC31A1;STX17;DPM2;DENND4C;MDC1;RDX;NUSAP1;KNL1;TUBGCP4;UACA;RSL24D1;FNBP1L;IFT172;THUMPD2;KIF20B;SMARCAL1;ABI2;USP8;HERC5;COPS4;SEPTIN11;USO1;PPP3CA;FBN2;KIF21A;ETNK1;SCAF11;TMTC3;GAS2L3;TDG;GLTP;SLC7A1;BRCA2;RBM26;NAA30;SCAPER;NCOA2;ABHD2;IQGAP1;RANBP10;CLTC;GALNT1;ESCO1;GREB1L;DYM;KIAA0319L;PTPRF;MTF2;CTTNBP2NL;TIPRL;POGK;PIGM;POGZ;GABPB2;DYRK3;MAP3K21;CEP170;CNIH4;PDIA6;ASXL2;EXOC6B;UBXN4;NBEAL1;FANCD2;POMGNT2;TMF1;LIMD1;FIP1L1;AFG2A;PIK3R1;PHIP;SHPRH;ZMYM4;NOM1;DIAPH2;MCPH1;SLC25A37;MTDH;NFIB;ZCCHC7;CEP78;SURF4;SURF1;LRSAM1;SEC16A;NOTCH1;ZEB1;NRBF2;FRA10AC1;TCF7L2;ATM;EI24;COMMD7;CWC15;SAP18;PRSS23;GXYLT1;DIP2C;MAGI1;SRFBP1;SAV1;SACS;CENPJ;CACUL1;DST;RABGAP1L;OBI1;TGOLN2;UHMK1;JMY;DCLRE1C;ZFP36L2;UTRN;CWC27;ANAPC1;SMARCA5;RANBP2;RBMS1;TRIP12;SREK1;CHD1;PPP2R5E;PRKCA;MIA3;TNIK;ENAH;CCSAP;PDLIM3;CXADR;TSEN2;CCDC174;AGPAT5;HYCC2;RNF20;SLC26A2;USP16;SCAF4;PHF6;MED19;BAG4;ATAD2;ZNF689;SMG1;CPT2;DYRK1A;PALM2AKAP2;EMSY;SON;EFCAB14;PSKH1;BSDC1;SLC2A6;GPSM1;TAOK1;PCSK7;UBQLN4;ITGA5;ADCY9;CLPB;ZYG11B;PRKAA2;JAK1;USP1;NEXN;ZNF326;AGL;SLC30A7;ZNF281;ZNF496;FLVCR1;B3GALNT2;SANBR;TYW5;SMC6;PDLIM5;CDC42EP3;DHX57;HIPK1;ARPC2;SGO2;PPP4R2;CDS1;WDFY3;ATXN7;PPM1K;SLMAP;U2SURP;KIF15;WDR43;ZDHHC3	FKBP4;NDUFAB1;SPPL2B;RHBDD2;TMEM132A;AP2B1;PAF1;CCDC124;LUC7L;NADK;NCAPD2;LYPLA2;AKAP8L;PTBP1;LARS2;WIZ;PPP5C;SLC25A39;NCDN;FHL1;RTF2;ALAS1;CCDC28A;TOMM34;SNX1;BAK1;SARS1;RANBP3;GABARAPL2;PHF23;AP2S1;CTNNA1;TSPAN17;CLPTM1L;LETMD1;CYBA;TRAPPC3;SZRD1;POLR3E;EPN1;HAGH;YBX1;SMARCD1;NFYC;POLR1H;FECH;IDH3G;RASSF1;FTSJ1;IP6K2;NCK2;WDR1;BUD23;TRIP13;FAM50A;PRKACA;HSD17B10;ACADVL;MCM2;NLE1;SDHA;MYDGF;FSCN1;TRAF4;SNRPA;CAPZB;SDF4;TOLLIP;MKNK1;DNM2;KEAP1;SLC35C2;CPOX;DUSP12;DELE1;WDR70;ITGAE;GSTP1;CTTN;ATG16L1;SEPHS1;SRRT;ATXN7L3;CNOT3;EPB41L1;COQ9;FKBP1A;DYNLL1;MAPKAPK5;LTBP4;MCOLN1;NAT14;ZC3HC1;HAUS4;TINF2;COMT;DHPS;NUP188;CIRBP;NDUFB7;CDC34;RANBP1;BCL2L13;DDT;SF3A1;HIRA;POLR2F;PICK1;HSCB;PACSIN2;HMOX1;MCM5;KCTD17;ZC3H7B;GSTZ1;TELO2;CCNB1IP1;DCAF11;PCIF1;TRPC4AP;MTG2;EEF1A2;ADISSP;HM13;CHMP4B;CST3;RBFA;SCML2;EMD;SMS;CDK16;HTATSF1;MGRN1;MAPK3;POLR2C;ABCC1;UBE2I;MAZ;STX4;KAT8;HOMER2;OIP5;NDRG1;CHRAC1;GSR;SNRNP70;PIH1D1;RNASEH2A;OAZ1;TLE5;MED25;ASF1B;FAM32A;PPP6R1;CCNE1;GPI;AKT2;TBCB;FZR1;BABAM1;CDC37;NAPA;RABAC1;PPP2R1A;WDR83OS;PRPF31;ISYNA1;COPE;TMEM147;USF2;FKBP8;ATP13A1;BET1;OGDH;HIBADH;GRB10;HSPB1;PDAP1;BUD31;EIF3B;BCL7B;YKT6;SEC61B;AK1;EDF1;BAG1;TWNK;NPM3;PPIF;PSMD3;CDK5RAP3;CBX1;PFN1;DRG2;FTSJ3;SMARCD2;B9D1;KAT2A;RAB5C;NAGLU;MLX;DPH1;NHERF1;NAT9;PHF12;MFSD10;PRPF19;AIP;NUP98;PSMD9;KCTD10;CDK2AP1;GTF2H3;USP5;RAB35;SRSF9;HINT3;SNX3;CUTA;CCND3;BYSL;PTK7;VEGFA;FBRSL1;DAP;ERGIC1;BNIP1;SELENOK;TIMMDC1;GNAI2;EIF4G1;RTKN;NCL;MPV17;NRBP1;PCGF1;IGFBP2;STK16;ID2;DLX2;SRSF4;LAMTOR2;SDHB;APH1A;B4GALT2;ERI3;NEK2;DHDDS;IFT46;PTPA;NPC2;CAAP1;SORBS3;NCAPH;PEX16;MTERF4;KIAA1191;ZC3H7A;NAA60;MRM2;TWIST1;CYREN;ZWINT;DDX54;TRIR;GIPC1;EBPL;NCOA5;SNRNP27;USP22;WRNIP1;RRP36;SNRPC;KLHDC3;NRN1;MT2A;GOT2;GGA3;MSTO1;SLC2A4RG;PPDPF;CHCHD5;GPR108;VASP;SYMPK;SNRPB;NRSN2;HNRNPR;MAX;RALY;DYNLRB1;ROMO1;KDM5C;KLC1;XRCC3;CAPNS1;PDCD2L;RBM42;BCL2L12;TRAP1;ELK1;ZC4H2;FGFRL1;FBXL12;SIN3B;EMC6;AAMP;STYXL1;ATF4;CDC42EP1;ATP6V1F;PSMG2;ALDH1A2;DCTD;TXNDC17;FXR2;KLF16;DOHH;ABHD17A;SAT1;TOMM40;DDA1;ACTN4;NDUFA10;SSBP4;PAK4;ASS1;UCK1;UBE2M;TRIM28;YIPF2;PPAN;DUSP9;ATP6V1E1;ZNF428;COX4I1;CHMP1A;PSMC3IP;NDUFA2;TRAF7;ZCCHC9;PIAS3;MCCC2;SNRPA1;RAF1;ILKAP;CLUH;INPP5K;UBE2G1;H3-3B;UNK;FLOT2;ERAL1;RBM38;BTBD2;ZNF414;HSPBP1;MACROD1;TMEM254;PSRC1;ARF3;TMEM106C;RBM17;PHC2;OSTF1;TRAFD1;TMEM243;ATP5MC2;BLOC1S1;TROAP;TFCP2;PAN2;DHX9;ISCU;NUP42;DDX56;TTYH3;NMT1;TACO1;CDK9;NIBAN2;ST6GALNAC4;MYC;GRHPR;CMTR1;TMEM14B;TJAP1;TUBB2A;FOXF2;HMGA1;BUD13;SLC37A4;PARP6;GUCD1;SLC15A4;VPS37B;DENR;GTF2A2;COMMD4;ULK3;GLYR1;RUSF1;KATNB1;RHOT2;NOB1;PRPSAP2;PCTP;TOB1;G6PC3;ARRB2;MINK1;SAT2;CSNK1D;RPTOR;WDR45B;MBD1;NT5C3B;FKBP10;TXNL4A;SAMD1;MVB12A;SH3GL1;SOD1;AKT1;CARM1;PEX14;SDHC;PFDN2;USP21;PRCC;METTL25B;PRUNE1;TARS2;PI4KB;ENSA;EIF2D;ADAM15;SNAPIN;C1orf43;SCCPDH;ACP1;ARF1;PSEN2;PYCR2;ARL8A;RHOB;COPS7B;SLC25A38;MANF;EIF2B5;LYAR;ENOPH1;SNCA;NAF1;NHP2;RMND5B;BOD1;HIGD2A;ABRACL;MDH2;CHMP7;CDKN2A;SIGMAR1;REXO4;NTMT1;PAXX;DGKZ;ARFGAP2;SERPINH1;HYOU1;TKFC;LSM14B;TRPT1;FAU;PPP4C;ALDOA;DHX37;CENPH;CARHSP1;UBALD1;RPIA;KCTD15;CC2D1B;UCHL1;PCGF6;ZDHHC5;ZFAND3;PDE6D;RPUSD3;TSC22D3;VPS26C;SLC35B2;RAB28;TAGLN2;NIT1;CFAP298;IFNGR2;ATP5MC1;PTMS;CYB5R1;HK2;GPBP1L1;TMEM69;CTBP1;ATP6V0D1;G6PD;CSTB;SLX9;PRMT2;C19orf47;SAFB;CHTOP;UBE2Q1;RUSC1;PMF1;NACC1;LY6E;VPS28;LRWD1;AP2M1;SAP30BP;PRPSAP1;PLCD3;TAF6L;NXF1;SELENON;IGSF8;MAPKAPK2;MAIP1;ERCC3;BOLA3;PMVK;KRTCAP2;RNF25;ELP6;MEAF6;POLR2H;RFT1;CDC25A;TEX264;HMGB2;SAP30;LSM6;CASP3;SEPTIN8;BRI3;SLC4A2;FASTK;FMC1;MID1IP1;INPPL1;PMPCA;ENTR1;METTL17;NDRG2;NSMF;TTC7B;IFI27L1;LARP6;PCBD1;COX11;ILK;CYB5A;AKIP1;CENPV;CIAO2B;BLCAP;BEX3;TSC22D4;SLC27A4;COQ7;DUS2;GPX4;SPINT2;YIF1B;EEF2;HDGFL2;ZNF444;TLCD3A;OTUB1;NDUFV1;TK1;KCTD5;SDHAF2;DDB1;FTH1;SLC3A2;FADD;SF1;RNF187;NT5DC2;UQCC5;COA6;ATG4B;ATXN2L;FEN1;TMEM129;MAP2K1;ATF5;CD2BP2;SPNS1;HNRNPF;ZNF768;SF3B5;CNTROB;TRAPPC1;PDCD6IP;ELP5;PYM1;PFKFB3;MRFAP1L2;NDUFA3;ATP6V0E2;TADA3;BBLN;TRIM8;FAM241B;CANT1;BCL2L1;TRAPPC12;MRM3;THOP1;USP19;SMN1;GNB2;COPS9;TCEAL1;CHCHD1;CORO1B;MUS81;CFL1;KAT5;GRK2;COQ2;TRMT112;GPR137;PPP1R14B;UQCRH;CTU2;PRPF8;DDX23;ZCCHC
BRB-seq	1	451	411	862	DBNDD1;KDM1A;UPF1;MCUB;HOXA11;PDK2;BAIAP2L1;ARHGAP44;SPAG9;MAPK8IP2;UBE3C;SCMH1;SLC25A39;HEBP1;POLA2;FBXO42;EDC4;RIPOR1;MCUR1;AKR7A2;SDCCAG8;UNKL;BICRA;ELAVL1;SLC9A3;TP53BP1;PLEKHH3;SMG6;CSNK2A2;EPN2;MARK2;NOTCH3;NCBP3;ZZEF1;MARK3;TP73;PAFAH1B3;AP4E1;SMAP2;TXLNA;USP40;B4GALT1;EIF2AK1;BLVRB;SPG21;AARS1;NUP188;CRAT;MAST3;MED15;BCL2L13;PPM1F;SLC25A1;TOMM22;GTPBP1;AP1B1;SYNGR1;BRD1;GALNT16;TRPC4AP;DNAJC5;GID8;GMEB2;TRIB3;TTI1;ZNF516;LPIN2;UBL4A;MAGED2;N4BP1;TANGO6;NPRL3;BCKDK;EHD4;CHRAC1;C19orf44;BCAT2;H2AZ2;BRAT1;COBL;CHCHD2;EIF4H;SHB;DDX50;MICU1;LARP4B;RGS9;GOSR2;PFN1;RAI1;CYTH1;VAT1;HDAC5;MPP2;RANGRF;DPH1;RAB34;ATG2A;CDK2AP1;TMEM14C;HINT3;KCTD20;SAYSD1;SNX3;FAM120B;TENT4A;DAP;HMGXB3;RNF7;ACTR1B;FNDC4;DLX2;CEP104;ICMT;AMPD2;RHOU;GADD45A;RBBP5;HMGCL;TGIF2;C1orf198;FBXW2;PHF19;DENND1A;C19orf25;ACOT2;ALDH6A1;DNMT3A;CYSTM1;WDR55;FAM53C;APAF1;ZNF706;FAM117A;CEP89;PMS2;GLIPR2;ACO1;OPTN;HOXC11;ENKD1;STAU1;STX16;USP22;CDKN1A;MIF4GD;ALKBH7;RBCK1;AHDC1;LRRC61;LSM8;IFT22;FLNC;GAMT;KIF1A;SNX9;MNX1;EMC8;TBC1D5;UBE2D2;RFX1;DHX30;RPA1;WBP2;VPS4A;WASF3;PIK3C2B;TPT1;VCF1;CAMK1;EDEM1;CABLES1;YARS1;CDCA8;FHOD3;ISCA1;HILPDA;PRRG4;SCRN1;RAC1;LIMD2;ATP6V1G1;LMX1B;HINT2;ARHGEF39;ATAT1;TPMT;MTCH1;FDX1;KHK;MFSD13A;MARCHF9;RITA1;TLNRD1;USP3;CRTC3;CMTM3;MAP1LC3B;ZCCHC14;KSR1;SGSM2;ARRB2;TP53;ANAPC11;TBCD;PFKL;RNPEPL1;SNAP47;SDE2;RHOB;SNRNP200;HES6;CTDSP1;CAND2;PYURF;CISD2;SETD7;SRD5A1;CDKAL1;ABT1;PNRC1;PSPH;TLK2;ZMYM3;FBXO25;EIF3H;CDKN2A;INA;DOCK1;TCF7L1;CDYL;CMTM7;CEBPG;JPH3;ROBO3;ATP5MC3;XPC;DPH3;RAB6B;ANKRD40;CDK19;PI4K2A;ZKSCAN2;HK1;TYSND1;RPUSD3;NECAP2;PAXIP1;SSBP3;TSC22D3;DPYSL5;LDLRAP1;PRXL2C;EYA3;FANCC;MRAS;HOXB13;UBE2Z;SIM2;HLCS;ABR;PKNOX1;CBS;PDXK;CSTB;RALGDS;SPATC1L;PKN3;IER2;MAML1;FDXR;ACOX1;LSM12;SPSB3;USP24;KLHL21;PEF1;NHSL3;ATF3;MAPKAPK2;CCDC74A;H3-3A;MTHFD2L;POC1A;WDR82;AGGF1;RPP25L;FAM219A;KIAA1958;NDUFB6;STOML2;ZNF503;SMCO4;GPT2;LARP6;PCBD1;ANAPC16;APBB1;TAF10;GARRE1;HDGFL3;CENPV;ZNF592;SP2;TBC1D2B;ATP5MG;NXN;CYB5D2;CDK2AP2;FTH1;BSCL2;FADD;RAB4A;RNF187;DDIT4;GNG4;THAP11;DNAJC21;ZBTB5;XPO6;HINT1;C15orf40;RFNG;LINGO1;OTUD3;KLF13;ZNF747;ZNF768;TMEM42;CMTM8;GABARAP;LONRF2;HOXB9;CDCA4;ZNF672;TCEA2;RHNO1;FOXB1;CEBPB;MICOS10;GMPPB;PC;EIF1;GPR160;CBX2;UBXN2A;PRPF8;ARHGAP1;TP53I11;PHYHD1;UCP2;CTDNEP1;IP6K1;BNIP3;RNPEP;PLAAT3;SMCR8;TMEM80;RIMKLA;ARIH2;PIDD1;THAP5;GRB2;ZHX2;CTC1;PER1;SPTY2D1;MAGED1;GEMIN4;CDC42EP4;R3HDM2;SEPHS2;ZNF771;ZNF48;POLR2A;COA4;TSEN54;PYCR1;UPP1;KMT5A;TSPYL2;HDDC3;USP18;C6orf120;FAAP100;ANKFY1;NAT8L;GNB1L;KIF18B;BLOC1S4;C17orf58;MAPT;MAGED4B;TET3;COMMD6;HES4;GREB1;TRRAP;PTPN1;PPP1R26;YRDC;TECPR2;MAFG;EOLA1;SPTAN1;NMB;C1orf122;NUDT16;CDC42BPB;C1orf174;MAFB;NBDY;LSM2;MZT1;ZNF580;C8orf82;TAX1BP3;LYRM4;HNRNPUL2;TMEM242;CYB5RL;VAMP2;CPTP;BRD3OS;GET4;MIF;PI4KA;ARFGAP3;C22orf39;STMP1;NME2;DBNDD2;TWF2;PDCD6;TMEM158;LYN;MEX3A;CHMP1B;C17orf49;CCNQ;GTF2I;NBPF11;NBPF8;LIX1L;PIP4K2B;DERPC;PLCXD1;WASH6P	FUCA2;GCLC;AK2;MGST1;SEC62;SPRTN;METTL13;UQCRC1;AGPS;STEEP1;MNAT1;ZDHHC6;ALG1;METTL1;LSG1;RCN1;NOP58;ATP11B;CCAR1;INTS13;TMEM161A;CTSA;ZC3H15;PACC1;TRMT11;CBFB;DNAJA2;UFD1;RDH11;SMARCE1;EED;BCS1L;ENO1;TUBE1;ACTB;TPD52;DYNC1I2;PPP2R5C;SLC1A3;SAR1A;RABL2B;PUM3;STRADB;EPB41L3;TNPO1;NOA1;RAB10;DIMT1;DDX18;NSFL1C;DDX24;NDUFB2;DNAJB11;PABPC4;LAMB1;RNF31;PHGDH;MYL6;NUP50;CDC45;WAC;TMED1;RAB18;PSMD8;TECR;TFIP11;PYGL;CDKN3;SNW1;DHRS7;MTHFD1;ZC3H14;PPP4R3A;APEX1;PSMA6;PSME2;BRMS1L;TM9SF1;ABHD12;NDUFAF5;NOP56;APMAP;MYL12A;RBBP8;CSTF2;PRPS2;PQBP1;MAGT1;CD99L2;RBM3;PBDC1;PSMD7;SETD6;HSDL1;NUBP1;EIF3J;UBXN8;MCM4;TIMM50;FBL;PIK3R2;AIMP2;TBL2;EXOSC3;CUEDC2;LUC7L3;FRG1;CTSC;TMEM109;PDHX;C11orf58;COQ5;RSRC2;MAGOHB;GPN3;RAD51AP1;DDX55;CPSF6;KRR1;ASF1A;PRP4K;BRD8;IK;TTC1;POLR3G;GOLPH3;TARS1;TXNDC15;FXR1;UMPS;RRP9;EEF1B2;LMAN2L;STEAP3;EIF2B4;PSMD14;GLS;PDCL3;DARS1;RND3;TIA1;PCYOX1;CACYBP;SFPQ;DOCK7;RPF1;SLC2A1;NSL1;OSBPL9;DDX59;SPCS2;GLE1;NDUFA8;DCAF4;RBM25;EIF2B2;FAM98A;CUTC;NR2C1;COPS5;AKAP1;MTIF3;TRMT13;HYCC1;WWP1;PRDX4;PFDN5;PIGT;MPHOSPH10;RIOK1;EMC3;GTF2F1;THOC2;DSTN;CITED1;UROD;RHOT1;PPCS;EMC1;EMC4;TWSG1;ICE2;CLN6;NGDN;EAPP;COLGALT1;MED18;DKC1;RBM39;ABCB7;NDFIP1;SERPINF1;UTP3;TCEAL4;WDR74;MED6;GNL2;ELP2;TMEM165;GOLM1;CD63;OS9;LTV1;REPS1;LAMC1;EIF4E2;PWP1;BZW2;NIPSNAP3A;TOR1B;NCBP1;DERL1;FAM8A1;CREBZF;DCUN1D5;RDX;NDUFAF1;RMDN3;PPM1B;KIF20B;ASCC1;USP8;GLCE;AP1AR;YARS2;AEBP2;ETNK1;TMX1;BNIP2;SKIC8;UTP4;PTRH2;RPRD1A;NPC1;PSMB6;TMCO1;HDGF;SLC39A1;RIT1;C1orf131;FBXO28;HNRNPLL;TPRKB;ZC3H8;SRPRB;FIP1L1;METTL14;YIPF5;NIPSNAP2;NONO;EBP;NSDHL;ERLIN2;ZNF7;HERC4;HMGA2;PDCD4;TWF1;MBIP;HNRNPU;SREK1;PPP2R5E;BUB3;ZCCHC10;HEATR3;TBC1D31;NSMCE2;GPRASP2;PAXBP1;PSMD4;GATD3;FDPS;PSMC2;CAPN2;DPY30;ARPC2;SSR2;CLASP2;GTPBP8;PCOLCE2;SLC4A1AP;KIF15;RPN1;LRPAP1;AIMP1;NDUFAF2;GPX8;NSA2;STK17A;CTSB;SNAPC3;PSIP1;NOL6;SUGT1;NEMF;PRPF18;FAM204A;DDX21;TAF1D;DPCD;TPP1;IFTAP;LEO1;SEC11C;HSP90B1;SAAL1;TERF2IP;NUDT21;PHB1;CERCAM;FBXO22;KMT2D;COPS6;MGAT2;FNTA;TMEM208;COMMD8;LMAN2;PTK2;SDC2;ANTXR1;UGP2;ROBO1;UBB;NUDT9;CDH2;TMEM126A;ETFDH;CTPS1;EXOSC10;CYCS;PSME3IP1;ZNG1A;TRIB1;ARV1;ZNF622;SNAPC5;LARP7;SMAD2;RAB6A;CDC26;TYMS;GBA1;NDUFV2;NT5DC1;GLDC;EXOSC4;C3orf38;RRS1;FARSA;PUF60;FAHD1;CCDC43;CCDC66;MCFD2;CYB5D1;AP1S2;ZNF721;CADM1;RUVBL2;UTP11;PSMG1;TMEM50A;CHEK2;SCFD2;SNRNP35;NDUFA12;NDUFA6;PRPF39;YTHDF3;BCAP31;DNAH14;TOR3A;KPNA4;SEPTIN10;RNF220;TUBB4B;RBM34;MSL1;HMGB1;CD55;PIK3R4;SULF2;TRAPPC4;ZNG1C;KPNA5;PCBP2;NOL8;HMGN5;TMA16;KIFBP;DXO;TRIM39;PSMB10;HAUS7;RBMXL1;NDUFS3;PPP1CB;TRIM26;CKMT1B;YAE1;TMEM199;EID1;POLG2;CHURC1;AARSD1;GTF2H5;NOL12;PSMB3;TBCE;POLR2J3
BOBseq & prime-seq	2	147	102	249	SEC62;ERCC1;BRD9;ARID4A;APBA2;MRTO4;USP36;PPP1R12A;CCAR1;SFSWAP;ABCA7;ZC3H15;RRP15;SDK2;VASH1;ACTN1;MAP3K13;GPATCH1;FGFR1;KIF22;SMARCA2;TCF7;MECOM;NOP14;PAPOLA;TNRC6A;EZR;XBP1;HMGXB4;ASCC2;NIN;MTHFD1;PABPN1;ACOT8;ANKRD12;FMR1;TIMP1;TSC22D1;KNOP1;EEF1D;R3HCC1;ERICH1;MCM4;DNAJC2;GTPBP4;PITRM1;CCDC34;CEP164;COMMD9;TIMELESS;SMC4;TFDP2;SPTBN1;ALMS1;SCAMP3;KIAA2013;TMEM9;ATP6V0B;SYF2;POLR1G;MESD;RBM25;NRDE2;PRXL2A;CCDC91;DDX27;NAGK;MEA1;AHNAK;TTF1;RRBP1;NCLN;NSRP1;KRI1;APOC1;LSM4;ZC3H4;HAUS8;GPS2;EPHB2;SRRM1;MEN1;TAOK3;SRPK2;PWP1;FLNB;LMO7;KDELR2;CDK5RAP2;UQCC2;SLTM;PPIG;CIR1;TCHP;RETREG3;SERBP1;HAX1;GMPPA;DDX46;EBP;TACC1;GINS4;NOPCHAP1;UPF2;SREK1IP1;NMRAL1;ZNF618;C12orf43;COLEC12;AUTS2;EIF5B;ZNF276;SHKBP1;GPATCH4;SCNM1;MAP9;RP9;HSP90B1;YWHAB;COPS6;DNAJC7;TMEM223;CHD2;GOLIM4;SRP72;GATA2;WASHC1;OAF;TUBB4B;IPO4;PRPF40A;COL27A1;IGF2R;CFD;SPG7;TMA16;CTR9;CSNK2B;GPANK1;ABCF1;ITSN1;FAM133B;EEF1G;EID1;HMBS;CWC25;MLLT6	SLC25A5;IFRD1;CRY1;RANBP9;NUDCD3;VAMP3;MAPK9;CUL1;MTMR1;NDUFB4;PKM;PDCD2;NSF;MKRN2;GNB1;AKR1B1;AURKA;TMEM230;DHX32;SPG21;PUS7;CDV3;SNAP23;SLC25A17;IFT52;USB1;SLC7A6;CA2;LAPTM4B;ANKRD27;COA1;RHEB;CUL2;EFTUD2;RAB5B;TMEM14C;KIF20A;CLINT1;GNPDA1;DGUOK;ODC1;GORASP2;HDAC1;LYPLA1;SLC35B1;OCRL;CCZ1;RAB9A;MTX2;UBA1;RPA1;DAP3;TPT1;DPF2;KGD4;YARS1;TPGS2;PSAT1;COG2;TXN;ANXA7;INTS14;SLAIN1;FTO;CREG1;SETDB1;SKP2;ARMT1;TIAL1;RRAGA;EEF1A1;MYO1E;B4GALT3;H3-3A;SFXN1;DNAAF5;WASHC5;TMEM65;MELK;FUNDC2;PATL1;URM1;SRP68;GABARAP;DNAJC24;FAM98B;PGAM1;CAMTA1;SUCLG2;IQCB1;EIF1;SEC24C;POLR2A;NOP10;FAF1;UBE2L3;SUMO2;MCMBP;MARCHF5;PRC1;SUPT4H1;BRK1
BOBseq & BRB-seq	2	240	444	684	FKBP4;NCAPD2;WIZ;TACC3;ATP6V1H;ISOC2;HAGH;CNN2;COASY;JMJD6;FAM50A;KCNQ2;FSCN1;GTF3C1;GSTP1;CTTN;CHERP;RAD54L;PPP1R15A;ADD1;SF3B2;KIF16B;ALKBH5;ATP5F1D;TIMM13;HIRA;SNU13;MYH9;PCK2;CDC25B;RBFA;COTL1;METRN;ELOB;OAZ1;YJU2B;C19orf53;TIMM44;TNNT1;PPP6R1;BABAM1;PTPRS;HSPB1;RGP1;EDF1;HPS1;PNPO;GALK1;HOXB6;DRG2;MLX;CDR2L;NDUFC1;NSD2;DNAJC4;DCPS;MDK;C12orf57;MCM3;GMDS;HES1;ABHD14B;CENPA;SRSF4;LAMTOR2;SRM;PLEKHM2;CCDC92;PMEPA1;NT5C;PPDPF;DTD1;MMP24OS;DGCR6L;GNAZ;CDC42EP1;ILF3;SEC14L1;PGLS;AFDN;JUND;ZNF428;TRAF3;TUBG1;NINJ1;FBXW9;NUP210;MYBBP1A;KDM6B;PCED1A;RBM38;PEMT;SCO1;MPRIP;BEX2;CSNK1G2;CTIF;FBH1;DDB2;RTL8C;RBMX2;COX5B;ARPC5L;TFAP2A;TUBB2B;NUMA1;SERF2;TLE3;ZNF710;DHX38;FOXK2;CEP131;NT5C3B;MIEN1;TXNL4A;SCYL1;CAPN10;CARM1;SH3BGRL3;GPN2;UCK2;ARF1;GUK1;PARP1;FAHD2B;FAM193B;GIGYF1;FUOM;SSRP1;TRPT1;FAU;HIRIP3;TAOK2;TMEM219;HS3ST3A1;TBRG1;ACSS1;MIDEAS;ANKRD9;PRR14;PHKG2;BRPF1;PSMG3;WIPI2;NBL1;PINK1;ZYX;ZDHHC12;CHTOP;YDJC;PAQR4;ASRGL1;FAAP20;CCDC51;SAP30L;BRI3;EN2;FMC1;ANKS6;COMTD1;STK32C;BEX3;EEIG1;RAB8A;GPX4;WDR81;SAC3D1;PPIC;RAB24;CENPX;GPS1;PUSL1;CHD3;BBLN;ZNF581;GNB2;RNASEH2C;PPP1R14B;VEGFB;SEZ6L2;AURKAIP1;MYPOP;RUFY1;ATOX1;POLR2L;NDUFAF3;CTNNBIP1;RCC2;SAMD4B;RAD23A;PSMG4;IDH2;DEXI;ARL6IP4;NGRN;NAA38;ZNF703;MED12;SEPTIN9;SIVA1;SIGIRR;UBALD2;CCDC137;HGS;PCGF3;H1-2;RILPL1;MAPK12;NELFB;TMEM63A;ZNF775;MYL6B;ZNF512B;SND1;HNRNPAB;STMN3;SIPA1L1;ZNF358;APRT;RTL8A;TRAF3IP1;OXLD1;NFKBIL1;TMEM256;SELENOH;CERS1;MCRIP1;NOL7;C12orf75;ARPC1A;HYPK;CDK11B;CHCHD10;BCL2L2-PABPN1;SULT1A3;DYNLL2;NDUFA7;PCGF2;SLC25A6	TSPAN6;RECQL;CDC27;HCCS;LAMP2;GDE1;PSMB1;CSDE1;ANLN;MBTPS2;ELOVL5;MATR3;ATP2C1;NDUFS1;ERP44;SEC63;BCLAF1;NUP160;CUL3;ZZZ3;PSMA4;HSPA5;MSMO1;FAM114A2;TAB2;PUM2;HPF1;SOAT1;ZC3H11A;SNRNP40;NCKAP1;GPBP1;VMP1;TM7SF3;DDX20;THUMPD1;TRAM1;DNTTIP2;RHOA;IARS2;ACSL4;NUP133;VPS35;ATP1B3;NUCB2;EXOC5;EIF2B3;CDC42;ATP2B1;ING3;HLTF;TFRC;HMMR;HACD3;TIPIN;ZNF638;TOP2B;TM9SF3;DNAJC10;XRCC5;FDFT1;DDX1;HSP90AA1;NDC80;XPO1;DIS3;AK6;SCAMP1;SEH1L;RRN3;DNAJA1;MTMR2;TXNL1;CMTM6;SCFD1;CDC6;CDC23;MSH2;HSP90AB1;SIRT1;SCD;POLDIP3;FKBP3;PRMT5;CNIH1;LGMN;HIF1A;EIF5;VRK1;ARHGAP5;SRP54;PRORP;SEC23A;RAE1;USP14;VAPA;PGRMC1;STAG2;ATP11C;SMARCA1;CENPI;GLA;CLN5;GSPT1;UBR5;SQLE;SLC39A14;GTPBP10;NAMPT;LMBR1;TAX1BP1;CPVL;PSMA2;ZFAND5;CCNJ;SEC23IP;TFAM;RAD51C;MTMR4;KPNB1;NUP88;CCDC47;TMEM33;CPE;NCAPG;HSPA8;CHORDC1;SLC35F2;CORO1C;PTGES3;LTA4H;VPS29;NAA25;CAND1;CMAS;SRSF3;CCNC;PTP4A1;C6orf62;QKI;COX7A2;HMGCS1;NNT;CERT1;FAF2;CCNG1;SUB1;NUP155;RARS1;CSNK1A1;ATP6V0E1;NIT2;UBE3A;SLC25A36;CEP15;SLC35F5;RTN4;FANCL;STAT1;CCT4;SF3B1;ORC4;MSH6;DHCR24;ATP5PB;IVNS1ABP;UCHL5;GNPAT;NID1;ACADM;ADGRL2;UAP1;SSX2IP;CD46;TMED5;CNN3;ABCD3;DARS2;STMN1;RPA2;PPP1R8;CAMSAP2;ANKRD13C;RPN2;UCHL3;GTF3C3;HEATR1;SET;HSDL2;IDE;GOT1;PCMT1;ACAT2;HSPH1;ALG5;EXOSC8;ETF1;NFYB;ZNF639;GPSM2;SHLD2;ZNF644;RPAP2;SEPTIN7;TRIM24;RNF11;ATPAF1;AMD1;FAM199X;ACSL3;CSE1L;GLO1;SSR1;POLR1B;PSMF1;ARMCX5;AMOT;PCNX4;DLGAP5;CANX;CALU;CDC16;ATXN10;PPIL4;COX7B;CAPN7;GRSF1;ZRANB2;KHDC4;AP3B1;DCTN4;POMP;RTN3;IPO8;LARS1;RRAS2;SARAF;NOTCH2;SLC38A2;LDHA;AGTPBP1;DMTF1;MTO1;GNS;DYNC1LI2;CKAP2;MED4;MARCHF7;KCTD3;ABI1;YME1L1;THAP12;PPP2R1B;RSL24D1;HADHB;LRPPRC;SSB;WDR12;COPS4;SEC31A;G3BP2;SCARB2;SLC39A8;SINHCAF;LLPH;TMEM19;CERS5;TMBIM6;ESD;TSPAN3;IQGAP1;SEC11A;SLC39A6;GALNT1;ITGB3BP;MTF2;PSMA5;ALDH9A1;ATP1B1;DCAF6;COP1;NUF2;TOR1AIP1;DTL;LBR;PDIA6;CALM2;SNRPG;SLC20A1;HSPD1;RAB5A;SHQ1;ARL6IP5;RABL3;CCNA2;MARCHF6;PAM;BTF3;ZMAT2;WTAP;CCT6A;OGT;ZNF711;CETN2;RPP30;AASDHPPT;ITGB1;UBC;EIF4E;EXT2;CENPU;GUF1;ARL14EP;TMEM123;MBNL1;GPD1L;SAR1B;GGPS1;PLOD2;SCOC;RANBP2;AHCTF1;TRAPPC8;TRIP12;DDAH1;HS2ST1;NUS1;ELOC;GABPA;AZIN1;ATP6V1C1;SLC16A1;OXA1L;RNF20;ATP5MJ;PHF6;CUL4B;B4GALT5;ALG8;DONSON;NAE1;CCDC117;LARP4;WDR26;ARL5A;CCDC138;CGGBP1;FSTL1;CIP2A;CWC22;STT3B;SUCLG1;PRKCI;NEPRO;GMPS;U2SURP;WDR43;GNL3;H2AZ1;PGRMC2;MAD2L1;ANXA5;NAA15;SLC25A46;UBLCP1;SLU7;RAD21;YWHAZ;GHITM;CCT2;ARIH1;CENPN;B2M;AP1G1;CLPX;NEMP1;RRM1;UBTD2;ARF4;FEM1B;UBE2V2;NMD3;SLC33A1;MMGT1;CLIC4;BUB1;ALCAM;USP38;GLB1;HSPA4;RIOX2;RSL1D1;PRNP;SP3;DHCR7;NOC3L;PSMD1;TRMT10C;PIGG;EXO1;ZWILCH;GLMN;CCDC14;FAM91A1;ZBTB33;KCTD12;ZDHHC20;ADO;SNRPE;KPNA2;COPB2;KNTC1;AP3M1;DRG1;POLR3C;MTARC1;PPP1CC;NAP1L1;PNRC2;CD47;FAM3C;SLC39A10;RPF2;FAR1;ASPH;OGA;SKIC3;SELENOT;IPO7;SACM1L;SCAF8;TMX2;UBXN2B;FASTKD5;PPP2R2A;ZNF512;RBM12;TUG1;CEP95;NCOA4;TAF9;PPP4R3B;DDX52
prime-seq & BRB-seq	2	497	378	875	POLR2J;DHX33;CREBBP;KDM7A;E2F2;BAZ1B;RNF216;BRCA1;CHDH;ZRANB1;UBR2;RRAGD;KPNA6;AGPAT4;RABEP1;ABCF2;FAM136A;HOXC8;BOD1L1;CLEC16A;TPR;MAP4;SNX29;RSF1;FOXN3;ARID4B;KIF1B;FOXC1;EIF2AK2;WNK1;PRDM6;AHRR;HIPK2;ANKS1A;ADAT1;SPEN;KLF6;EVI5;DHX29;PRR11;ARHGAP10;AFF4;NFATC3;GLI2;CLASP1;RBMS2;DGKD;PPP1R12B;TNRC6C;CBFA2T2;RUNX1T1;PGM1;MAGI3;JMJD4;ERC1;KAT6A;REST;NCOA1;EFR3B;HADHA;CAD;HUWE1;FTL;MAVS;XRN2;ZBTB25;PDCD7;OSBPL8;ZFHX4;CLSPN;CBX5;ITPR3;DSP;ABL1;SH3GLB1;CECR2;SPECC1L;GRK3;TTC28;TSPO;RBFOX2;MIEF1;TNRC6B;ZBED4;DICER1;YY1;CHD8;ZMYND8;DIDO1;KIF3B;TBL1X;XIAP;EEA1;FGD1;MLYCD;ZNF106;TJP1;ARHGEF10;TYK2;ELL;CDK6;PTCD1;ZKSCAN1;WASL;USP42;PHF14;GLI3;SETX;UBE2R2;UNC5B;CCDC6;DUSP3;TNFAIP1;SUPT6H;NFKB1;TRIM2;CPT1A;CBL;PTPMT1;PPFIBP1;BCL7A;NT5DC3;SUDS3;RWDD1;E2F3;ACOT13;SMAP1;SOBP;ZBTB24;PERP;ARFGEF3;PHACTR2;RAD50;ACAP2;BBX;ACVR2B;FOXP1;ZNF142;BIRC6;PARD3B;TCEANC2;GON4L;AKT3;KDM5B;CENPF;KMT2A;FOXO3;CCNI;UBN1;CCND2;TJP2;SENP5;CNTRL;ONECUT2;OGFRL1;DUSP1;SMU1;KIAA1549;CIT;ZC3H13;SPATS2;TUBA1B;PLA2G12A;AGO2;MXD4;FAM210B;ZNFX1;RAB22A;PAIP2B;AARS2;OPA3;PLAGL2;SIX1;UBR4;AKAP9;HIP1;MPST;SPECC1;EIF2AK4;TMOD2;INO80;NSUN5;TULP4;RSPH3;MLLT1;ZNF557;HELZ2;SESN2;ZNF236;GINS2;ANKRD17;ZBED3;DSTYK;ERG28;VHL;ROCK2;NAV1;DZIP1;PHF21A;HEY2;KLHL36;CEP350;TGFBRAP1;DCAF7;ZNG1B;WDR33;DMAC1;UBAP2;TGS1;DBT;ARL3;TET1;TMOD3;SHROOM3;CENPE;SMARCC2;SBNO1;SETD1B;STON2;IGF1R;TICRR;ZFHX3;VPS53;NPEPPS;GNAL;RNF157;FEM1A;URB1;GPR161;MPC2;POU2F1;ABL2;RGS16;SNX27;GATAD2B;INTS3;LYST;CDC42BPA;EML4;VGLL4;GOLGA4;CTDSPL;IQSEC1;MED12L;LPP;MYO10;BDP1;GFOD1;CREB5;SH3KBP1;NSD3;TERF1;NR6A1;NACC2;MSRB2;POLR3A;EIF4EBP2;MKI67;LIN7C;CELF1;FADS1;MTCL2;DIXDC1;NKAPD1;NCAPD3;ZNF827;WWC2;SLC25A4;FAM168B;PTPN14;PELO;FARP1;ASAP1;DGKE;FBXL18;LARP1;PPARGC1B;WHAMM;TIAM1;KAT6B;RAB11FIP1;TATDN2;GATAD1;APPL1;UBN2;AGAP1;WASF2;EPB41;IGF2BP1;CHAF1B;ARHGAP35;DFFA;ZBTB8A;VMA21;RRP1B;AGPAT3;LSS;C21orf58;DIP2A;SIK3;ADAR;ENTREP3;TONSL;ORAI2;POLR3K;NFIA;IER5;NBPF20;REL;RPRD2;MSX1;LRRC58;TOPBP1;UVSSA;RNF168;INTU;RAD54L2;C4orf3;ICE1;NIPBL;RHOBTB3;CFAP97;CAMLG;ZNF704;ADCY1;SPTSSA;ZCCHC24;PGM2L1;NSD1;BMS1;AMOTL1;TMEM170A;MAP1A;TRUB2;C15orf39;CDK12;TBC1D16;IRGQ;NCKAP5L;PAFAH1B2;SETD5;HOOK3;NKIRAS2;KIF5C;CDC40;UQCRFS1;ZBTB43;SIN3A;LUZP1;LIMS1;TRIM56;TOR1AIP2;SIK2;AKAP13;LSM3;TSEN34;TANC2;INSR;ASXL1;SLC25A33;BPTF;MLLT3;RNASEH1;TLN2;SRGAP2C;ID4;HCFC1;SH3RF3;HECTD4;ESRRA;GOLGB1;TNKS;SMARCC1;STAT5B;JUP;RNF213;GNG5;ZDHHC24;ZBTB4;FAM241A;FBXW8;CHRNA7;LONRF3;MLXIP;SLC35E3;CALCB;UBE2O;ATAD5;SPRYD4;NFATC2IP;TIMM22;CAVIN1;ACAD9;PLEC;SUZ12;RPP25;ARID3B;TIGD5;TSHZ1;FZD2;ZNF609;PAK2;AEN;DHTKD1;ZNF746;ZNF322;RAP2B;SETD2;FAM89A;ERCC6L2;TTC3;PRR14L;ZNRF3;CMTM4;KREMEN1;ACTG1;PGP;POU3F2;RBM33;PTRHD1;ZNF445;RAD51D;NR2F2;ARL17A;KRT10;SMYD4;LYRM7;ZNF395;SECISBP2;PABIR1;SBK1;ACTMAP;RALGAPA2;TMEM120B;MTF1;SLX4;NDUFA4;C15orf61;TSPYL1;FAM53B;KAZN;SLC35E2B;STK40;FAM217B;LCOR;XPNPEP3;POM121;NF1;VKORC1L1;LRP10;HTT;STYX;HELZ;MDM4;NCOA6;IPO9;ZNF652;RUNDC1;GRK5;GIGYF2;PHACTR4;PPP1R10;GNL1;ATXN2;ITPRIPL2;KLHL23;DNLZ;SYNJ2BP;EMP2;CSNK1E;NUDT19;RTL10;PEX26;EXOSC6;C14orf132;ARPIN;CCDC71L;PRKDC;RBM15B;GAN;BOLA2-SMG1P6;OTUD7B;RNF115;SRGAP2;NBPF15;NBPF12;NBPF14;NBPF10;NUDT3;DCP1A;SOCS7;SYNRG;ZNF8;PRRC2B	M6PR;ARF5;GGCT;ST7L;CD9;UTP18;PSMC4;RNF14;IFNGR1;VRK2;TMSB10;FLT4;SPDL1;STAU2;TDP1;NOP16;THOC3;U2AF2;ELOVL1;MTFR1;FGFR3;PFN2;NDST1;CFAP20;DAZAP1;NDE1;SCARB1;TIMM21;RAB7A;REXO2;UNG;SPAG5;UBE2K;HOXA9;EPB41L2;UBA5;IFT25;NFE2L1;APLP2;EIF3I;TMED2;ZW10;BAX;PSMC5;UIMC1;RTRAF;KHSRP;FUS;SPTLC1;TFAP4;GEMIN2;AAAS;HNRNPM;SMARCB1;SNRPD3;PES1;CHKB;EIF3D;PHF5A;RBM23;AHSA1;SRSF5;PSMC1;NELFCD;IDH3B;ALG13;RBBP7;BEX4;NUTF2;NUP93;CENPT;CMC2;EARS2;BFAR;NOMO1;RAB11A;EIF3E;NUCB1;CLPTM1;TRMT1;DMPK;POP4;PDCD5;PLD3;KDELR1;GSK3A;DNAJB6;CHCHD3;SPIN1;FUBP3;GLRX3;RNF167;PRKAR1A;YWHAE;OCIAD1;UBE2D3;GAR1;METAP2;ARPC3;RFC5;NOP2;COPS7A;COX6A1;TDP2;PAK1IP1;SERINC1;SLC39A7;TBP;SLC29A1;HARS2;BRIX1;MACROH2A1;NCBP2;SNX4;PODXL2;MOGS;UNC50;UXS1;TAF1B;SUMO1;STXBP3;AIRIM;PRPF3;P3H1;EBNA1BP2;RXYLT1;FCF1;SLIRP;TMEM214;SMNDC1;ENY2;PAIP2;TMPO;SCPEP1;MND1;PSPC1;NAA50;KLHL7;CBX3;HNRNPA2B1;NT5C3A;ECD;DDX39A;TSFM;MORF4L2;EXOSC9;PLCG1;SRSF6;MED20;MAD2L1BP;RPP40;NDUFA1;NUP85;MBOAT7;SNRPD2;ERGIC3;COX6B1;PRMT1;BECN1;COX7C;ECHS1;GNAI1;KNSTRN;ANAPC13;SUMF2;MPDU1;NEDD8;PRKCSH;GTPBP3;EIF3G;PSME3;PDHA1;ACTR10;ARFIP2;EIF5A;PRMT7;NIP7;DCAF8;DPH2;NASP;CTNNBL1;CNDP2;CEP20;RLIG1;CCDC59;HSD17B4;ARL8B;EMC7;YWHAQ;NARS1;STK26;RNF138;TIMM10;CTSL;CDK4;HNRNPA1;CCT7;USP15;MPHOSPH6;ITM2B;IMP4;PSMB7;ANP32B;APTX;ASNSD1;IDH1;COX17;HNRNPD;PEX5;SNRPF;NIPA2;ANP32A;MAN2C1;RMC1;ARHGDIA;EIF4A3;DUS3L;ERVK3-1;RFX5;ANP32E;ARNT;TPM3;UBAP2L;SRP9;RALB;CDCA7;NDUFS6;GTF2H2;TBC1D7;CCZ1B;NCAPG2;MSN;SNX12;GPC3;RBMX;PLPBP;CIZ1;GSTO1;TTC12;GLB1L2;MTA2;CHEK1;NDUFC2;CDC123;SPC25;HNRNPDL;SRP19;CYRIB;INO80C;LPCAT1;GTF3C6;DBI;CNOT8;DCK;SUPV3L1;UTP14A;AIFM1;BUB1B;CCNB2;FAIM;MITD1;GPAT4;USF1;DEDD;NDUFS2;AMFR;CALM3;U2AF1;SHC1;CCDC12;SRSF2;EMC10;SENP3;EIF4A1;CMPK1;FUBP1;ARPC5;PEA15;PEX19;NCSTN;ATP1A1;TKT;METAP1;MOCS2;WDR41;NDUFS4;FABP5;SUN1;COX6C;MICU2;METTL3;TRUB1;PSMC3;NDUFB8;IDH3A;PPIB;MARS1;TUBA1C;PRDX2;ATP5PD;POLR2G;SPINDOC;PDHB;STIP1;NDUFS5;ATP5ME;HNRNPH1;PGM2;INO80E;GUSB;UBE2E3;UBE2E1;HNRNPA3;CDK1;HARS1;ARL6IP1;CHCHD7;TMEM43;ZDHHC16;TBCA;HDAC3;BSG;NAA20;RCE1;RBM4;PARL;DRAP1;CD151;ARL6IP6;EIF3K;ZNF664;CALR;PITPNB;TCEAL8;FKRP;SLX1B;PRKAG1;MXRA7;MFSD5;SKA2;EWSR1;DAZAP2;NDUFB1;NPIPA6;TCEAL9;MORF4L1;LAMP1;NDUFA13;NOC2L;SDHAF3;AP2A1;EOLA2;ENTPD6;UBL5;GET3;DDX39B;ECI2;LDB1;CCDC167;CENPW;PFDN6;TAP2;HSPA1B;STIMATE;HEXA;ATF6B;DDX3X;RNASEK;OST4;PET100;GPX1;NME1;ATP5MF;EIF6;DDOST;CHMP4A;RBM8A
BOBseq & prime-seq & BRB-seq	3	154	319	473	JARID2;ELOA;RALBP1;PLEKHO1;THAP3;HEBP2;THRAP3;SYNE2;KMT2C;YBX3;MED29;SUGP2;AP3D1;POLR1A;TCOF1;BAZ2A;BCORL1;GNA11;BIRC5;GOLGA3;PALM;SNAP29;CABIN1;TRIOBP;DESI1;MRGBP;NKAP;NME4;QPRT;KXD1;IQCE;EIF3A;GBF1;SH3PXD2A;NDUFS8;KRT18;CHD4;PPM1G;HDLBP;AAK1;ARID3A;PRDM2;PRRC2C;NENF;ARID1A;HELLS;SERP1;HOXA7;CALD1;ATP5F1E;CHD6;SOX4;LRRFIP1;UPF3B;SEPTIN6;FAM193A;EIF2S2;CEP250;PLEKHG3;DYNC2I1;NUP214;UQCR11;SMARCA4;KDM4B;METTL16;HERC2;MINDY2;DNMT1;AKAP12;PPFIA1;MAP1B;MYH10;IER3IP1;TLN1;RTF1;DCAF5;NCOR1;BRD4;NFIC;JTB;RAB13;C1orf35;CIAO1;PDCD11;TNKS1BP1;TRIM11;CCDC28B;SSU72;NDUFV3;PCNT;PWWP3A;SQSTM1;CCNF;NOL9;FOXK1;TAF3;SNAPC4;DIPK1B;BRD7;GOLGA2;MIDN;GATAD2A;CDT1;ANKRD11;CHAF1A;SRRM2;IRF2BP2;MPLKIP;LETM1;HIC2;SYAP1;BRD3;CHD7;CNP;IGDCC3;B3GALT6;PAWR;JUN;ZBTB7A;GADD45GIP1;EHMT1;RBM10;EP400;RFLNB;CBX6;TOB2;UQCR10;BTBD6;BRI3BP;PURA;TLCD2;PBX1;NF2;RSBN1L;SAMD11;EIF4EBP1;MPHOSPH8;SRGAP2B;DYNC1H1;BRD2;UQCC3;ANKRD18B;HSBP1;JRK;COX19;PEDS1;APOBEC3C;SMIM10L1;CUX1;UPK3BL1;CASTOR2;CISD3;PAGR1;AKAP17A	DPM1;NFYA;LAP3;RPAP3;FBXL3;AGK;VTA1;MDH1;GLT8D1;TTC27;STRAP;VEZT;HMGB3;NSUN2;PI4K2B;MAT2B;MTREX;POLR2B;HEXB;GDI2;ALDH18A1;MPC1;CS;BTBD1;OAT;WDR3;KARS1;ISOC1;LAPTM4A;FUNDC1;ASNS;PICALM;CLNS1A;TSG101;ACAT1;SLC25A3;VDAC3;PCNP;BZW1;ZMPSTE24;CD59;MTIF2;DDHD2;CHMP5;RBM22;OGFOD1;ERGIC2;TGDS;SNX5;GANAB;DLD;FH;HNRNPC;ECHDC1;HNRNPH3;CDC7;PSMC6;PSMA3;ERH;PFDN4;PRELID3B;CSNK2A1;MAPRE1;PLS3;NDFIP2;CYB5B;AAGAB;TUSC3;HNRNPL;PMPCB;SSBP1;ERLIN1;NSMCE4A;BCCIP;XPNPEP1;DHX40;C1QBP;BLMH;UTP6;DDX5;ZNF330;DHX15;MTCH2;SC5D;EIF4G2;FBXO3;ATP5F1B;COPZ1;NUP107;LDHB;GMNN;HBS1L;HSPA9;HMGCR;LMNB1;PPP2CA;C5orf15;KPNA1;PCCB;ACTR3;SF3B6;HSPE1;SRSF7;SCP2;TMEM59;PARK7;CAPZA1;WLS;BCAS2;PRDX1;DPH5;TXNDC12;RCN2;MYL12B;NDUFB3;CPSF3;RAB14;ATL2;TCP1;ARL1;TARDBP;VPS26A;CENPK;CDK2;NDUFAF4;RAP2C;CKS2;MTRR;NUP153;TM9SF2;SNRPB2;UBA2;SBDS;HNRNPH2;RAP1B;SEM1;NDUFA5;HAT1;HOXD13;COPB1;PSMA1;PARP2;DAD1;PHF10;NOL11;CAP1;PPT1;ACLY;RAN;SEC61G;PCNA;SPART;RFC3;COX16;EIF2S1;CCNB1;LAMTOR5;PPHLN1;TIMM17A;CCNH;STT3A;UBQLN1;CAPRIN1;CD164;ABCB10;GLUL;TBRG4;SRSF1;NDUFB5;TRA2B;PPIL1;PRCP;GGH;RAB1A;ACTR2;SLC5A6;ATAD1;ATIC;OLA1;NUP54;PPA2;PAPSS1;NDUFA9;KANSL2;WARS1;ETFA;FANCI;UQCRC2;COPS3;C18orf21;APP;SAE1;UFC1;MCL1;PIP5K1A;CERS2;ILF2;DEGS1;TEX261;ABHD10;EIF2A;RNF145;G3BP1;DYNLT1;LUC7L2;PRPS1;ATP6V1B2;GOLGA7;GLUD1;HSD17B12;EIF3M;CPSF7;CCT5;DLAT;ATP5F1A;SUV39H2;UBP1;NIFK;NUP205;TMEM237;VBP1;CCT8;UQCRB;PTDSS1;PABIR2;NPTN;MFSD14A;EIF4A2;SLC37A3;CNOT11;GART;PSMB4;MAGOH;RBBP4;BPNT1;PSMD6;RCHY1;RFC4;ABCE1;UTP15;GFM2;TRA2A;PTTG1;DCAF13;INTS8;HNRNPK;CFL2;ATP5F1C;PRDX3;HPRT1;API5;MCM7;PDIA3;ZNF146;GLOD4;CTNNB1;POLR2J3;BMI1;MMADHC;SEPTIN2;ADAM9;GFM1;MAT2A;TM2D2;CHRNA5;CNBP;YWHAG;TMED10;TRIAP1;MFN1;POLR1C;PLRG1;PPIH;PAIP1;BPGM;ATP5MK;ATP2A2;BANF1;UBE2N;POGLUT3;PPA1;HIGD1A;NPM1;IST1;SRPRA;SELENOF;SF3A3;XPOT;PRMT3;HSPA14;PPIA;XRCC6;HDAC2;GMFB;PSMD12;RPE;ADH5;PRIM1;GPN1;COPS8;SFT2D1;OPA1;OSTC;PRMT6;CAPZA2;PCMTD2;SDHD;SNX2;SARNP;VDAC1;DDX47;SMIM30;TOMM6;PPP3R1;TXNDC5;UBE2V1;TIMM23;PIGW;VAMP7
discordant: BOBseq & prime-seq	2			777	DE in both BOBseq and prime-seq (any third method): 1,499; of these with opposite direction: 777	
discordant: BOBseq & BRB-seq	2			312	DE in both BOBseq and BRB-seq (any third method): 1,469; of these with opposite direction: 312	
discordant: prime-seq & BRB-seq	2			227	DE in both prime-seq and BRB-seq (any third method): 1,575; of these with opposite direction: 227	
discordant: all three	3			323	DE in all three: 796; not the same direction in all three: 323	
