	PC1	PC2	PC3	PC4	PC5	PC6	PC7	PC8	PC9	PC10	method
BOBseq_ctl_1	81.92369765191648	-3.7644661296145587	43.66777092280183	-7.66611356599283	-5.274963101220931	0.6174292123430346	-4.763386735390682	6.282173651335111	-2.374931900733288	-3.584760013736103	BOBseq
BOBseq_ctl_2	79.25405702591577	-4.343570718476003	42.337128930706314	-7.531250164430933	-4.026513237945849	1.0641515706099016	2.1806417092205255	-4.086120627664075	11.944757609914296	0.15706963584653433	BOBseq
BOBseq_ctl_3	84.82005142472964	-2.2135902777287733	43.404643440086105	-6.980526190338708	0.5639365627086721	-2.120825201021896	0.25605202592594617	1.59495443954646	-10.221032569853389	1.5859805544768157	BOBseq
prime-seq_1	-43.24289548473423	13.706898705224596	22.24643709657718	3.4172978656682584	1.5228394246445933	6.286109740113482	-29.51020054913795	-19.047664475793812	20.989947987853057	5.511451736342738	prime-seq
prime-seq_2	-49.9742917822953	13.617740968415099	17.4660992146755	1.5093287586840882	1.7331013688529888	9.045357986851101	-4.485114618100548	0.6580958925343606	-2.00660915308971	10.628015239991875	prime-seq
prime-seq_3	-47.397001905045805	17.51648506069812	21.122844772092943	0.33570767538332874	-2.149411154188092	-2.56383398298602	-5.918000541714034	4.959437243623525	-24.907296447663676	5.465384230290326	prime-seq
prime-seq_4	-49.00583065114108	17.178699022822098	22.87587948327294	1.2009443909563584	3.972070695707337	3.8661423823911507	2.4153566128228228	16.651128795370788	-3.6975574382276326	1.2342459992472559	prime-seq
prime-seq_5	-44.05002458938382	15.99703066064311	22.818276770812144	1.9309699748865672	-1.9199941097096989	-5.41358787559947	33.61009651899422	-8.997619984966173	19.026454826995877	-3.211080436919601	prime-seq
prime-seq_6	-48.03837511584962	17.484920279913506	23.08392046524281	1.069659157172781	0.8749591638948601	-7.872594397130667	5.934869775027636	-0.13603921787013495	2.424361045475323	17.54695835171857	prime-seq
prime-seq_7	-46.90611384386067	16.69899235585836	21.910887544884638	1.0328032049800786	0.2316997492748546	-1.9680638125029422	7.40578059903798	-7.937393720972611	-7.984745202154095	-23.919921445281076	prime-seq
prime-seq_8	-49.54730283655849	8.038704210797341	10.47635925528582	1.774321121876791	-0.903264813271487	1.8517367112088046	-10.85596153099117	12.710688267415227	-4.627893322989446	-14.349010110487555	prime-seq
BRB-seq_1	18.483719924830144	36.60990386973446	-24.589268322311753	-1.5702032049395493	6.5000542435017	-6.183771777766172	2.423367106646819	13.77712313977904	-0.26653953455509277	6.663460033808593	BRB-seq
BRB-seq_2	4.379927489702693	23.207419168852365	-24.552643009912888	-4.766668110909241	-27.94198720025407	-41.07737773040706	-10.013058423323885	-4.018679572597478	-0.6084915822540657	-1.3488330330970566	BRB-seq
BRB-seq_3	21.20806971725149	33.571165494332625	-22.99945222550307	0.42932849137510043	3.6989077341410126	8.949597497700159	-6.897058971862144	16.416193805954823	11.466770588667105	-0.2762428590072688	BRB-seq
BRB-seq_4	16.85230038283244	33.00906663761722	-22.44024415841451	-1.660460930255252	3.7390646801357854	7.543030749178259	-6.0254824797885345	9.111352288101884	16.086766311032452	-20.247198756594365	BRB-seq
BRB-seq_5	26.056066613300263	35.11183941064862	-22.133220600141488	0.4418704216299324	5.341471361216965	10.936589981391444	7.063054816671264	-2.3343852301971633	-4.689114360710983	20.185725632955382	BRB-seq
BRB-seq_6	21.104001280565225	33.09445338308401	-23.768719836531783	-0.6623795232434112	3.2562415238741824	4.814945939076976	8.513739980189266	-0.16814302397865546	-9.379093531492506	-12.80377690953903	BRB-seq
BRB-seq_7	24.827443901729	33.888194969093924	-22.693150528535398	-0.22139385924123706	2.365914663903812	13.119220786949333	-2.985696109277535	-30.937727148615437	-16.328593810988625	-3.349336482808472	BRB-seq
BRB-seq_8	23.615140507199918	34.56899975573405	-22.761450182379118	0.6105895670431019	-2.035467274246046	-3.6872587112155792	6.125638059872517	-3.0117381533810907	5.909770544122384	10.463338195138348	BRB-seq
TruSeq_1	-4.3847350332999095	-37.36820946080977	-10.938355800238758	13.326995938816376	-23.79277336077736	13.471663955172223	2.584557873616346	-1.3904724469916696	-4.212317404789609	0.5702224615057766	TruSeq
TruSeq_2	-3.281156560709799	-38.000653245849826	-12.527674914329937	14.137292875686022	-22.995308051930326	12.88925041857534	2.968692667422973	1.2392545094856655	2.173751200450833	-3.705469417789562	TruSeq
TruSeq_3	-2.478345735776748	-38.012238049224926	-11.813630637162264	11.924993628865462	-20.33469306197375	9.820794644711482	2.57157005555133	6.178702767365971	2.022661286006904	6.932595442260223	TruSeq
TruSeq_4	-20.657004796326568	-41.153093882146436	-14.152451512627731	-36.6688957324971	3.8143754531982257	1.7048222793312928	-3.345101141496124	4.667201613799008	-0.752079108558703	5.720084977899665	TruSeq
TruSeq_5	-16.263378407808304	-40.54770274890813	-14.657616002195791	-35.734375708179215	5.955266469270584	-0.8269969790561069	3.4540435236490454	-4.478293083773449	-0.48632562140562935	-4.018272818288499	TruSeq
TruSeq_6	-13.565767952582732	-40.39607799301286	-14.819709934580825	-34.808898350150116	7.087808902825914	-1.2005016182574317	1.2287327173394849	-3.311888673957846	2.2747858890841464	0.027135720262949713	TruSeq
TruSeq_7	8.066663893364955	-34.95268823515488	-6.378099173102024	20.940519124345272	14.097743032372113	-8.895014184222077	0.48236930918834164	0.7057506427830141	1.7294781084373976	1.3787747842311473	TruSeq
TruSeq_8	7.477901670232892	-34.06871858846827	-7.20367069207014	20.828734039280537	14.634483379725383	-8.036057009558299	2.1096933101626383	1.8392692512433402	-4.818520993567001	0.011946171430046747	TruSeq
TruSeq_9	9.792857342446894	-34.52597493636375	-6.925484024528048	21.961459077630305	14.66512053585006	-9.687054784899459	-3.485232119071735	-1.668875551580373	0.5863573262051257	0.3813685952926653	TruSeq
TruSeq_10	10.930325869355087	-33.95352968771134	-6.055406341872784	21.398350025897233	17.319316420418502	-6.447905790980864	-3.0439634411848853	-5.266285395998277	0.7252792587885244	-3.64985547915032	TruSeq
