acc_number,sample_name,set,method,cell_line,condition,replicate,read_layout,read_len,is_paired,umi_len,star_filter,in_benchmark,source,bobcode,count_unit,records_in,records_dedup,records_q255,junctions,junctions_in_atlas,fc_assigned
bobseq_50nt__CADM1_100nM-1,CADM1_100nM-1,bobseq_50nt,bobseq,HEK,CADM1 100nM,1,50 nt SE (R2 truncated),50,0,6,0.66,yes,"260902_BOB57_illumina, bobcode GTTGCTT",GTTGCTT,mol,7594890,2190326,1720675,44799,36921,1437120
bobseq_50nt__CADM1_100nM-2,CADM1_100nM-2,bobseq_50nt,bobseq,HEK,CADM1 100nM,2,50 nt SE (R2 truncated),50,0,6,0.66,yes,"260902_BOB57_illumina, bobcode TCGTGAC",TCGTGAC,mol,7140533,2039202,1593005,43114,36145,1349563
bobseq_50nt__CADM1_100nM-3,CADM1_100nM-3,bobseq_50nt,bobseq,HEK,CADM1 100nM,3,50 nt SE (R2 truncated),50,0,6,0.66,yes,"260902_BOB57_illumina, bobcode TGTCCAC",TGTCCAC,mol,7584620,2119557,1652005,44057,36809,1400983
bobseq_50nt__CADM1_1nM-1,CADM1_1nM-1,bobseq_50nt,bobseq,HEK,CADM1 1nM,1,50 nt SE (R2 truncated),50,0,6,0.66,yes,"260902_BOB57_illumina, bobcode CTAACCT",CTAACCT,mol,8280761,2372885,1830693,46143,37382,1527360
bobseq_50nt__CADM1_1nM-2,CADM1_1nM-2,bobseq_50nt,bobseq,HEK,CADM1 1nM,2,50 nt SE (R2 truncated),50,0,6,0.66,yes,"260902_BOB57_illumina, bobcode CTGCGAT",CTGCGAT,mol,7716638,2226003,1723370,44515,36344,1432129
bobseq_50nt__CADM1_1nM-3,CADM1_1nM-3,bobseq_50nt,bobseq,HEK,CADM1 1nM,3,50 nt SE (R2 truncated),50,0,6,0.66,yes,"260902_BOB57_illumina, bobcode CAAGCAA",CAAGCAA,mol,7052258,1990016,1519280,41529,34288,1266230
bobseq_50nt__CHX_dose_1ug_mL-1,CHX_dose_1ug_mL-1,bobseq_50nt,bobseq,HEK,CHX dose 1ug/mL,1,50 nt SE (R2 truncated),50,0,6,0.66,yes,"260902_BOB57_illumina, bobcode TACAAGC",TACAAGC,mol,5512418,1465495,1079376,36007,30450,913020
bobseq_50nt__CHX_dose_1ug_mL-2,CHX_dose_1ug_mL-2,bobseq_50nt,bobseq,HEK,CHX dose 1ug/mL,2,50 nt SE (R2 truncated),50,0,6,0.66,yes,"260902_BOB57_illumina, bobcode ATACTCC",ATACTCC,mol,6433874,1862185,1441203,41188,33875,1215163
bobseq_50nt__CHX_dose_1ug_mL-3,CHX_dose_1ug_mL-3,bobseq_50nt,bobseq,HEK,CHX dose 1ug/mL,3,50 nt SE (R2 truncated),50,0,6,0.66,yes,"260902_BOB57_illumina, bobcode CCAAGGA",CCAAGGA,mol,5394028,1550293,1190524,36686,30728,1001360
bobseq_50nt__CHX_dose_50ug_mL-1,CHX_dose_50ug_mL-1,bobseq_50nt,bobseq,HEK,CHX dose 50ug/mL,1,50 nt SE (R2 truncated),50,0,6,0.66,yes,"260902_BOB57_illumina, bobcode AGCTCTA",AGCTCTA,mol,5632757,1619142,1197844,37523,30125,960531
bobseq_50nt__CHX_dose_50ug_mL-2,CHX_dose_50ug_mL-2,bobseq_50nt,bobseq,HEK,CHX dose 50ug/mL,2,50 nt SE (R2 truncated),50,0,6,0.66,yes,"260902_BOB57_illumina, bobcode CCTGTCT",CCTGTCT,mol,6099742,1734581,1299066,40369,32903,1048312
bobseq_50nt__CHX_dose_50ug_mL-3,CHX_dose_50ug_mL-3,bobseq_50nt,bobseq,HEK,CHX dose 50ug/mL,3,50 nt SE (R2 truncated),50,0,6,0.66,yes,"260902_BOB57_illumina, bobcode GAGTAGT",GAGTAGT,mol,6299670,1807452,1367975,41262,34008,1145014
bobseq_50nt__Hek_control_1,Hek_control_1,bobseq_50nt,bobseq,HEK,Hek control,1,50 nt SE (R2 truncated),50,0,6,0.66,yes,"260902_BOB57_illumina, bobcode AGCAGAC",AGCAGAC,mol,6821524,1845152,1378451,38504,32678,1194926
bobseq_50nt__Hek_control_2,Hek_control_2,bobseq_50nt,bobseq,HEK,Hek control,2,50 nt SE (R2 truncated),50,0,6,0.66,"no (defective TSO oligo: skewed UMI; excluded from benchmark and splicing, Bryan 2026-09-10)","260902_BOB57_illumina, bobcode TGCCGTT",TGCCGTT,mol,9150567,2456216,1938066,47603,39638,1685339
bobseq_50nt__Hek_control_3,Hek_control_3,bobseq_50nt,bobseq,HEK,Hek control,3,50 nt SE (R2 truncated),50,0,6,0.66,yes,"260902_BOB57_illumina, bobcode GATATGG",GATATGG,mol,9421374,2590005,1967248,47613,39477,1714368
bobseq_50nt__Ris_dose_25mM-1,Ris_dose_25mM-1,bobseq_50nt,bobseq,HEK,Ris dose 25mM,1,50 nt SE (R2 truncated),50,0,6,0.66,yes,"260902_BOB57_illumina, bobcode TGGATGA",TGGATGA,mol,7757823,2181995,1666496,42989,35291,1417503
bobseq_50nt__Ris_dose_25mM-2,Ris_dose_25mM-2,bobseq_50nt,bobseq,HEK,Ris dose 25mM,2,50 nt SE (R2 truncated),50,0,6,0.66,yes,"260902_BOB57_illumina, bobcode GAATCTG",GAATCTG,mol,6890824,1792012,1257653,35586,29025,1049502
bobseq_50nt__Ris_dose_25mM-3,Ris_dose_25mM-3,bobseq_50nt,bobseq,HEK,Ris dose 25mM,3,50 nt SE (R2 truncated),50,0,6,0.66,yes,"260902_BOB57_illumina, bobcode ACTCACA",ACTCACA,mol,8655547,2392664,1808453,44434,35826,1520785
bobseq_pe_native__CADM1_100nM-1,CADM1_100nM-1,bobseq_pe_native,bobseq,HEK,CADM1 100nM,1,2 x 150 nt PE,150,1,6,0.33,yes,"260902_BOB57_illumina, bobcode GTTGCTT",GTTGCTT,mol,14692661,4590252,3940012,104037,81543,1676858
bobseq_pe_native__CADM1_100nM-2,CADM1_100nM-2,bobseq_pe_native,bobseq,HEK,CADM1 100nM,2,2 x 150 nt PE,150,1,6,0.33,yes,"260902_BOB57_illumina, bobcode TCGTGAC",TCGTGAC,mol,13882340,4298836,3647290,101279,80084,1576873
bobseq_pe_native__CADM1_100nM-3,CADM1_100nM-3,bobseq_pe_native,bobseq,HEK,CADM1 100nM,3,2 x 150 nt PE,150,1,6,0.33,yes,"260902_BOB57_illumina, bobcode TGTCCAC",TGTCCAC,mol,14773104,4530936,3802130,103890,81896,1646619
bobseq_pe_native__CADM1_1nM-1,CADM1_1nM-1,bobseq_pe_native,bobseq,HEK,CADM1 1nM,1,2 x 150 nt PE,150,1,6,0.33,yes,"260902_BOB57_illumina, bobcode CTAACCT",CTAACCT,mol,15883461,4957470,4132179,105075,81812,1760463
bobseq_pe_native__CADM1_1nM-2,CADM1_1nM-2,bobseq_pe_native,bobseq,HEK,CADM1 1nM,2,2 x 150 nt PE,150,1,6,0.33,yes,"260902_BOB57_illumina, bobcode CTGCGAT",CTGCGAT,mol,14843328,4649111,3910594,102281,80010,1655851
bobseq_pe_native__CADM1_1nM-3,CADM1_1nM-3,bobseq_pe_native,bobseq,HEK,CADM1 1nM,3,2 x 150 nt PE,150,1,6,0.33,yes,"260902_BOB57_illumina, bobcode CAAGCAA",CAAGCAA,mol,13630144,4216635,3456370,96995,76731,1468624
bobseq_pe_native__CHX_dose_1ug_mL-1,CHX_dose_1ug_mL-1,bobseq_pe_native,bobseq,HEK,CHX dose 1ug/mL,1,2 x 150 nt PE,150,1,6,0.33,yes,"260902_BOB57_illumina, bobcode TACAAGC",TACAAGC,mol,10667673,3254251,2406718,84571,69197,1038889
bobseq_pe_native__CHX_dose_1ug_mL-2,CHX_dose_1ug_mL-2,bobseq_pe_native,bobseq,HEK,CHX dose 1ug/mL,2,2 x 150 nt PE,150,1,6,0.33,yes,"260902_BOB57_illumina, bobcode ATACTCC",ATACTCC,mol,12423462,3912209,3233265,94616,74969,1396427
bobseq_pe_native__CHX_dose_1ug_mL-3,CHX_dose_1ug_mL-3,bobseq_pe_native,bobseq,HEK,CHX dose 1ug/mL,3,2 x 150 nt PE,150,1,6,0.33,yes,"260902_BOB57_illumina, bobcode CCAAGGA",CCAAGGA,mol,10408786,3246832,2666005,86530,69898,1142723
bobseq_pe_native__CHX_dose_50ug_mL-1,CHX_dose_50ug_mL-1,bobseq_pe_native,bobseq,HEK,CHX dose 50ug/mL,1,2 x 150 nt PE,150,1,6,0.33,yes,"260902_BOB57_illumina, bobcode AGCTCTA",AGCTCTA,mol,10676111,3388857,2620033,85104,69208,1068488
bobseq_pe_native__CHX_dose_50ug_mL-2,CHX_dose_50ug_mL-2,bobseq_pe_native,bobseq,HEK,CHX dose 50ug/mL,2,2 x 150 nt PE,150,1,6,0.33,yes,"260902_BOB57_illumina, bobcode CCTGTCT",CCTGTCT,mol,11672183,3691655,2889440,91995,74791,1182806
bobseq_pe_native__CHX_dose_50ug_mL-3,CHX_dose_50ug_mL-3,bobseq_pe_native,bobseq,HEK,CHX dose 50ug/mL,3,2 x 150 nt PE,150,1,6,0.33,yes,"260902_BOB57_illumina, bobcode GAGTAGT",GAGTAGT,mol,12013943,3771279,2998697,94075,75798,1279895
bobseq_pe_native__Hek_control_1,Hek_control_1,bobseq_pe_native,bobseq,HEK,Hek control,1,2 x 150 nt PE,150,1,6,0.33,yes,"260902_BOB57_illumina, bobcode AGCAGAC",AGCAGAC,mol,13274680,4049969,3141861,92342,73838,1390418
bobseq_pe_native__Hek_control_2,Hek_control_2,bobseq_pe_native,bobseq,HEK,Hek control,2,2 x 150 nt PE,150,1,6,0.33,"no (defective TSO oligo: skewed UMI; excluded from benchmark and splicing, Bryan 2026-09-10)","260902_BOB57_illumina, bobcode TGCCGTT",TGCCGTT,mol,17785556,5408737,4458509,111395,86205,1982434
bobseq_pe_native__Hek_control_3,Hek_control_3,bobseq_pe_native,bobseq,HEK,Hek control,3,2 x 150 nt PE,150,1,6,0.33,yes,"260902_BOB57_illumina, bobcode GATATGG",GATATGG,mol,18142631,5597336,4428049,109075,84257,1976061
bobseq_pe_native__Ris_dose_25mM-1,Ris_dose_25mM-1,bobseq_pe_native,bobseq,HEK,Ris dose 25mM,1,2 x 150 nt PE,150,1,6,0.33,yes,"260902_BOB57_illumina, bobcode TGGATGA",TGGATGA,mol,14939204,4668591,3762178,98265,76370,1631017
bobseq_pe_native__Ris_dose_25mM-2,Ris_dose_25mM-2,bobseq_pe_native,bobseq,HEK,Ris dose 25mM,2,2 x 150 nt PE,150,1,6,0.33,yes,"260902_BOB57_illumina, bobcode GAATCTG",GAATCTG,mol,13134878,4020959,2773437,80217,64542,1185184
bobseq_pe_native__Ris_dose_25mM-3,Ris_dose_25mM-3,bobseq_pe_native,bobseq,HEK,Ris dose 25mM,3,2 x 150 nt PE,150,1,6,0.33,yes,"260902_BOB57_illumina, bobcode ACTCACA",ACTCACA,mol,16624751,5130294,4056845,101448,78253,1740441
bobseq_pe_native__Ris_dose_500mM-1,Ris_dose_500mM-1,bobseq_pe_native,bobseq,HEK,Ris dose 500mM,1,2 x 150 nt PE,150,1,6,0.33,no (QC rule: input failure),"260902_BOB57_illumina, bobcode CTCTTAC",CTCTTAC,mol,2101881,728170,385146,21621,19365,129626
bobseq_pe_native__Ris_dose_500mM-2,Ris_dose_500mM-2,bobseq_pe_native,bobseq,HEK,Ris dose 500mM,2,2 x 150 nt PE,150,1,6,0.33,no (QC rule: input failure),"260902_BOB57_illumina, bobcode ACACCAT",ACACCAT,mol,2877729,947584,538296,25083,21774,162830
bobseq_pe_native__Ris_dose_500mM-3,Ris_dose_500mM-3,bobseq_pe_native,bobseq,HEK,Ris dose 500mM,3,2 x 150 nt PE,150,1,6,0.33,no (QC rule: input failure),"260902_BOB57_illumina, bobcode GCGAATG",GCGAATG,mol,1947882,640163,324468,16282,14397,95307
brbseq__ctl_AACAACCGAAGTAA,ctl_AACAACCGAAGTAA,brbseq,brbseq,HEK-derived,batch 5 no-Sendai vector control (well B04),Batch5.no_sendai_B04_vector_4,50 nt SE (truncated),50,0,14,0.66,yes,GSE334309 / SRR38978447 (batch 5),,mol,5522144,2374696,1794420,24512,20975,1534758
brbseq__ctl_ACGAGCAGATGCAG,ctl_ACGAGCAGATGCAG,brbseq,brbseq,HEK-derived,batch 5 no-Sendai ctrl control (well A04),Batch5.no_sendai_A04_ctrl_4,50 nt SE (truncated),50,0,14,0.66,yes,GSE334309 / SRR38978447 (batch 5),,mol,2311325,997395,734594,17390,15949,630360
brbseq__ctl_ATGCAATTACACCG,ctl_ATGCAATTACACCG,brbseq,brbseq,HEK-derived,batch 5 no-Sendai vector control (well F09),Batch5.no_sendai_F09_vector_5,50 nt SE (truncated),50,0,14,0.66,yes,GSE334309 / SRR38978447 (batch 5),,mol,5978880,2604299,1967286,24629,20821,1693577
brbseq__ctl_CAGACATGATAGAG,ctl_CAGACATGATAGAG,brbseq,brbseq,HEK-derived,batch 5 no-Sendai vector control (well B03),Batch5.no_sendai_B03_vector_3,50 nt SE (truncated),50,0,14,0.66,yes,GSE334309 / SRR38978447 (batch 5),,mol,6756704,2927341,2220470,26321,22198,1911213
brbseq__ctl_CCGCAAGAGGTTGG,ctl_CCGCAAGAGGTTGG,brbseq,brbseq,HEK-derived,batch 5 no-Sendai vector control (well B01),Batch5.no_sendai_B01_vector_1,50 nt SE (truncated),50,0,14,0.66,yes,GSE334309 / SRR38978447 (batch 5),,mol,6863434,2907847,2222372,28208,23956,1893056
brbseq__ctl_CCTCCATCCATGGA,ctl_CCTCCATCCATGGA,brbseq,brbseq,HEK-derived,batch 5 no-Sendai vector control (well F10),Batch5.no_sendai_F10_vector_6,50 nt SE (truncated),50,0,14,0.66,yes,GSE334309 / SRR38978447 (batch 5),,mol,6956823,3064519,2330976,29082,24747,2003097
brbseq__ctl_TAACACCTCCAACG,ctl_TAACACCTCCAACG,brbseq,brbseq,HEK-derived,batch 5 no-Sendai vector control (well B02),Batch5.no_sendai_B02_vector_2,50 nt SE (truncated),50,0,14,0.66,yes,GSE334309 / SRR38978447 (batch 5),,mol,5513878,2388243,1816790,26686,23024,1530168
brbseq__ctl_TACGTTATTCCGAA,ctl_TACGTTATTCCGAA,brbseq,brbseq,HEK-derived,batch 5 no-Sendai ctrl control (well A01),Batch5.no_sendai_A01_ctrl_1,50 nt SE (truncated),50,0,14,0.66,yes,GSE334309 / SRR38978447 (batch 5),,mol,6787193,2916900,2213392,29458,25167,1855428
brbseq_native__ctl_AACAACCGAAGTAA,ctl_AACAACCGAAGTAA,brbseq_native,brbseq,HEK-derived,batch 5 no-Sendai vector control (well B04),Batch5.no_sendai_B04_vector_4,80 nt SE,80,0,14,0.66,yes,GSE334309 / SRR38978447 (batch 5),,mol,5437672,2306986,2027782,33025,28326,1743596
brbseq_native__ctl_ACGAGCAGATGCAG,ctl_ACGAGCAGATGCAG,brbseq_native,brbseq,HEK-derived,batch 5 no-Sendai ctrl control (well A04),Batch5.no_sendai_A04_ctrl_4,80 nt SE,80,0,14,0.66,yes,GSE334309 / SRR38978447 (batch 5),,mol,2279974,970143,842043,24130,22179,727362
brbseq_native__ctl_ATGCAATTACACCG,ctl_ATGCAATTACACCG,brbseq_native,brbseq,HEK-derived,batch 5 no-Sendai vector control (well F09),Batch5.no_sendai_F09_vector_5,80 nt SE,80,0,14,0.66,yes,GSE334309 / SRR38978447 (batch 5),,mol,5892105,2532926,2226679,32919,27921,1927203
brbseq_native__ctl_CAGACATGATAGAG,ctl_CAGACATGATAGAG,brbseq_native,brbseq,HEK-derived,batch 5 no-Sendai vector control (well B03),Batch5.no_sendai_B03_vector_3,80 nt SE,80,0,14,0.66,yes,GSE334309 / SRR38978447 (batch 5),,mol,6650949,2843812,2504948,35342,29525,2166907
brbseq_native__ctl_CCGCAAGAGGTTGG,ctl_CCGCAAGAGGTTGG,brbseq_native,brbseq,HEK-derived,batch 5 no-Sendai vector control (well B01),Batch5.no_sendai_B01_vector_1,80 nt SE,80,0,14,0.66,yes,GSE334309 / SRR38978447 (batch 5),,mol,6767570,2829026,2497023,37760,31887,2139378
brbseq_native__ctl_CCTCCATCCATGGA,ctl_CCTCCATCCATGGA,brbseq_native,brbseq,HEK-derived,batch 5 no-Sendai vector control (well F10),Batch5.no_sendai_F10_vector_6,80 nt SE,80,0,14,0.66,yes,GSE334309 / SRR38978447 (batch 5),,mol,6851760,2980096,2625052,38919,32933,2269358
brbseq_native__ctl_TAACACCTCCAACG,ctl_TAACACCTCCAACG,brbseq_native,brbseq,HEK-derived,batch 5 no-Sendai vector control (well B02),Batch5.no_sendai_B02_vector_2,80 nt SE,80,0,14,0.66,yes,GSE334309 / SRR38978447 (batch 5),,mol,5438003,2323506,2050712,35818,30862,1739410
brbseq_native__ctl_TACGTTATTCCGAA,ctl_TACGTTATTCCGAA,brbseq_native,brbseq,HEK-derived,batch 5 no-Sendai ctrl control (well A01),Batch5.no_sendai_A01_ctrl_1,80 nt SE,80,0,14,0.66,yes,GSE334309 / SRR38978447 (batch 5),,mol,6693345,2837570,2500018,39521,33622,2109900
drugseq__DMSO_I08_ATCAGCACTT,DMSO_I08_ATCAGCACTT,drugseq,drugseq,U-2 OS,"DMSO vehicle, 24 h",I08,50 nt SE (truncated),50,0,10,0.66,yes,"GSE176150 / SRR14730306, plate VH02001704_S4 (Li et al. 2022)",,mol,750972,333891,254589,2979,2143,209844
drugseq__DMSO_I16_GAGTAGACCA,DMSO_I16_GAGTAGACCA,drugseq,drugseq,U-2 OS,"DMSO vehicle, 24 h",I16,50 nt SE (truncated),50,0,10,0.66,yes,"GSE176150 / SRR14730306, plate VH02001704_S4 (Li et al. 2022)",,mol,907913,395628,298836,3333,2346,247277
drugseq__DMSO_I24_TTATAGGAGG,DMSO_I24_TTATAGGAGG,drugseq,drugseq,U-2 OS,"DMSO vehicle, 24 h",I24,50 nt SE (truncated),50,0,10,0.66,yes,"GSE176150 / SRR14730306, plate VH02001704_S4 (Li et al. 2022)",,mol,243690,112681,86532,1367,1065,70764
drugseq__DMSO_J08_ATCAGCGAGG,DMSO_J08_ATCAGCGAGG,drugseq,drugseq,U-2 OS,"DMSO vehicle, 24 h",J08,50 nt SE (truncated),50,0,10,0.66,yes,"GSE176150 / SRR14730306, plate VH02001704_S4 (Li et al. 2022)",,mol,801296,342891,260241,2959,2135,215615
drugseq__DMSO_J16_GATACGCTTA,DMSO_J16_GATACGCTTA,drugseq,drugseq,U-2 OS,"DMSO vehicle, 24 h",J16,50 nt SE (truncated),50,0,10,0.66,yes,"GSE176150 / SRR14730306, plate VH02001704_S4 (Li et al. 2022)",,mol,751578,321455,243541,2794,2022,202418
drugseq__DMSO_J24_TTATCGCGTT,DMSO_J24_TTATCGCGTT,drugseq,drugseq,U-2 OS,"DMSO vehicle, 24 h",J24,50 nt SE (truncated),50,0,10,0.66,yes,"GSE176150 / SRR14730306, plate VH02001704_S4 (Li et al. 2022)",,mol,350745,156734,119939,1673,1269,99011
drugseq__DMSO_K08_ATCCGTCCAT,DMSO_K08_ATCCGTCCAT,drugseq,drugseq,U-2 OS,"DMSO vehicle, 24 h",K08,50 nt SE (truncated),50,0,10,0.66,yes,"GSE176150 / SRR14730306, plate VH02001704_S4 (Li et al. 2022)",,mol,712468,305521,233181,2690,1948,190982
drugseq__DMSO_K16_GATAGGTCAA,DMSO_K16_GATAGGTCAA,drugseq,drugseq,U-2 OS,"DMSO vehicle, 24 h",K16,50 nt SE (truncated),50,0,10,0.66,yes,"GSE176150 / SRR14730306, plate VH02001704_S4 (Li et al. 2022)",,mol,675064,295006,223422,2641,1883,183967
drugseq__DMSO_K24_TTCAGGAGTA,DMSO_K24_TTCAGGAGTA,drugseq,drugseq,U-2 OS,"DMSO vehicle, 24 h",K24,50 nt SE (truncated),50,0,10,0.66,yes,"GSE176150 / SRR14730306, plate VH02001704_S4 (Li et al. 2022)",,mol,460018,213857,164184,2031,1479,134642
drugseq__DMSO_L08_ATCGACGGCT,DMSO_L08_ATCGACGGCT,drugseq,drugseq,U-2 OS,"DMSO vehicle, 24 h",L08,50 nt SE (truncated),50,0,10,0.66,yes,"GSE176150 / SRR14730306, plate VH02001704_S4 (Li et al. 2022)",,mol,815618,352016,267921,2961,2133,221968
drugseq__DMSO_L16_GATATCAGGA,DMSO_L16_GATATCAGGA,drugseq,drugseq,U-2 OS,"DMSO vehicle, 24 h",L16,50 nt SE (truncated),50,0,10,0.66,yes,"GSE176150 / SRR14730306, plate VH02001704_S4 (Li et al. 2022)",,mol,728423,319161,242888,2797,2020,200331
drugseq__DMSO_L24_TTCCATCGAG,DMSO_L24_TTCCATCGAG,drugseq,drugseq,U-2 OS,"DMSO vehicle, 24 h",L24,50 nt SE (truncated),50,0,10,0.66,yes,"GSE176150 / SRR14730306, plate VH02001704_S4 (Li et al. 2022)",,mol,390122,174219,133870,1861,1405,109075
drugseq__DMSO_M08_ATCTAAGGAG,DMSO_M08_ATCTAAGGAG,drugseq,drugseq,U-2 OS,"DMSO vehicle, 24 h",M08,50 nt SE (truncated),50,0,10,0.66,yes,"GSE176150 / SRR14730306, plate VH02001704_S4 (Li et al. 2022)",,mol,779751,341971,260613,2953,2166,215831
drugseq__DMSO_M16_GATGAGTGAC,DMSO_M16_GATGAGTGAC,drugseq,drugseq,U-2 OS,"DMSO vehicle, 24 h",M16,50 nt SE (truncated),50,0,10,0.66,yes,"GSE176150 / SRR14730306, plate VH02001704_S4 (Li et al. 2022)",,mol,879469,375756,285555,3026,2191,237249
drugseq__DMSO_M24_TTGGCAATTC,DMSO_M24_TTGGCAATTC,drugseq,drugseq,U-2 OS,"DMSO vehicle, 24 h",M24,50 nt SE (truncated),50,0,10,0.66,yes,"GSE176150 / SRR14730306, plate VH02001704_S4 (Li et al. 2022)",,mol,495596,230678,178613,2172,1604,147165
drugseq__DMSO_N08_ATGACGGTAA,DMSO_N08_ATGACGGTAA,drugseq,drugseq,U-2 OS,"DMSO vehicle, 24 h",N08,50 nt SE (truncated),50,0,10,0.66,yes,"GSE176150 / SRR14730306, plate VH02001704_S4 (Li et al. 2022)",,mol,694055,299359,228672,2660,1900,190296
drugseq__DMSO_N16_GATGGATACA,DMSO_N16_GATGGATACA,drugseq,drugseq,U-2 OS,"DMSO vehicle, 24 h",N16,50 nt SE (truncated),50,0,10,0.66,yes,"GSE176150 / SRR14730306, plate VH02001704_S4 (Li et al. 2022)",,mol,712270,316380,240672,2796,2036,199310
drugseq__DMSO_N24_TTGGCTCCAC,DMSO_N24_TTGGCTCCAC,drugseq,drugseq,U-2 OS,"DMSO vehicle, 24 h",N24,50 nt SE (truncated),50,0,10,0.66,yes,"GSE176150 / SRR14730306, plate VH02001704_S4 (Li et al. 2022)",,mol,482265,209702,160317,2014,1473,131477
drugseq__DMSO_O08_ATGCGGACTG,DMSO_O08_ATGCGGACTG,drugseq,drugseq,U-2 OS,"DMSO vehicle, 24 h",O08,50 nt SE (truncated),50,0,10,0.66,yes,"GSE176150 / SRR14730306, plate VH02001704_S4 (Li et al. 2022)",,mol,828009,361426,276312,2922,2100,228142
drugseq__DMSO_O16_GATTGCACGC,DMSO_O16_GATTGCACGC,drugseq,drugseq,U-2 OS,"DMSO vehicle, 24 h",O16,50 nt SE (truncated),50,0,10,0.66,yes,"GSE176150 / SRR14730306, plate VH02001704_S4 (Li et al. 2022)",,mol,907338,376392,286614,3062,2138,236497
drugseq__DMSO_O24_TTGTCGGCCA,DMSO_O24_TTGTCGGCCA,drugseq,drugseq,U-2 OS,"DMSO vehicle, 24 h",O24,50 nt SE (truncated),50,0,10,0.66,yes,"GSE176150 / SRR14730306, plate VH02001704_S4 (Li et al. 2022)",,mol,515863,228999,176109,2153,1590,144255
drugseq__DMSO_P08_ATGCTTCCTA,DMSO_P08_ATGCTTCCTA,drugseq,drugseq,U-2 OS,"DMSO vehicle, 24 h",P08,50 nt SE (truncated),50,0,10,0.66,yes,"GSE176150 / SRR14730306, plate VH02001704_S4 (Li et al. 2022)",,mol,885887,389116,297826,3122,2244,248390
drugseq__DMSO_P16_GCAAGCGAAT,DMSO_P16_GCAAGCGAAT,drugseq,drugseq,U-2 OS,"DMSO vehicle, 24 h",P16,50 nt SE (truncated),50,0,10,0.66,yes,"GSE176150 / SRR14730306, plate VH02001704_S4 (Li et al. 2022)",,mol,842749,376418,286931,3045,2199,240537
drugseq__DMSO_P24_TTGTGTTCGA,DMSO_P24_TTGTGTTCGA,drugseq,drugseq,U-2 OS,"DMSO vehicle, 24 h",P24,50 nt SE (truncated),50,0,10,0.66,yes,"GSE176150 / SRR14730306, plate VH02001704_S4 (Li et al. 2022)",,mol,515368,235010,180469,2199,1626,149680
drugseq_native__DMSO_I08_ATCAGCACTT,DMSO_I08_ATCAGCACTT,drugseq_native,drugseq,U-2 OS,"DMSO vehicle, 24 h",I08,52 nt SE,52,0,10,0.66,yes,"GSE176150 / SRR14730306, plate VH02001704_S4 (Li et al. 2022)",,mol,751707,333931,257229,3071,2193,211812
drugseq_native__DMSO_I16_GAGTAGACCA,DMSO_I16_GAGTAGACCA,drugseq_native,drugseq,U-2 OS,"DMSO vehicle, 24 h",I16,52 nt SE,52,0,10,0.66,yes,"GSE176150 / SRR14730306, plate VH02001704_S4 (Li et al. 2022)",,mol,908232,395354,301998,3401,2401,249704
drugseq_native__DMSO_I24_TTATAGGAGG,DMSO_I24_TTATAGGAGG,drugseq_native,drugseq,U-2 OS,"DMSO vehicle, 24 h",I24,52 nt SE,52,0,10,0.66,yes,"GSE176150 / SRR14730306, plate VH02001704_S4 (Li et al. 2022)",,mol,243923,112716,87476,1438,1092,71444
drugseq_native__DMSO_J08_ATCAGCGAGG,DMSO_J08_ATCAGCGAGG,drugseq_native,drugseq,U-2 OS,"DMSO vehicle, 24 h",J08,52 nt SE,52,0,10,0.66,yes,"GSE176150 / SRR14730306, plate VH02001704_S4 (Li et al. 2022)",,mol,801665,342740,263014,3116,2194,217765
drugseq_native__DMSO_J16_GATACGCTTA,DMSO_J16_GATACGCTTA,drugseq_native,drugseq,U-2 OS,"DMSO vehicle, 24 h",J16,52 nt SE,52,0,10,0.66,yes,"GSE176150 / SRR14730306, plate VH02001704_S4 (Li et al. 2022)",,mol,751866,321349,246170,2912,2084,204579
drugseq_native__DMSO_J24_TTATCGCGTT,DMSO_J24_TTATCGCGTT,drugseq_native,drugseq,U-2 OS,"DMSO vehicle, 24 h",J24,52 nt SE,52,0,10,0.66,yes,"GSE176150 / SRR14730306, plate VH02001704_S4 (Li et al. 2022)",,mol,350996,156799,121112,1769,1298,99923
drugseq_native__DMSO_K08_ATCCGTCCAT,DMSO_K08_ATCCGTCCAT,drugseq_native,drugseq,U-2 OS,"DMSO vehicle, 24 h",K08,52 nt SE,52,0,10,0.66,yes,"GSE176150 / SRR14730306, plate VH02001704_S4 (Li et al. 2022)",,mol,712994,305442,235279,2786,1990,192573
drugseq_native__DMSO_K16_GATAGGTCAA,DMSO_K16_GATAGGTCAA,drugseq_native,drugseq,U-2 OS,"DMSO vehicle, 24 h",K16,52 nt SE,52,0,10,0.66,yes,"GSE176150 / SRR14730306, plate VH02001704_S4 (Li et al. 2022)",,mol,675479,294884,225706,2705,1934,185711
drugseq_native__DMSO_K24_TTCAGGAGTA,DMSO_K24_TTCAGGAGTA,drugseq_native,drugseq,U-2 OS,"DMSO vehicle, 24 h",K24,52 nt SE,52,0,10,0.66,yes,"GSE176150 / SRR14730306, plate VH02001704_S4 (Li et al. 2022)",,mol,460424,213940,165716,2144,1513,135768
drugseq_native__DMSO_L08_ATCGACGGCT,DMSO_L08_ATCGACGGCT,drugseq_native,drugseq,U-2 OS,"DMSO vehicle, 24 h",L08,52 nt SE,52,0,10,0.66,yes,"GSE176150 / SRR14730306, plate VH02001704_S4 (Li et al. 2022)",,mol,816291,352090,270671,3104,2192,224070
drugseq_native__DMSO_L16_GATATCAGGA,DMSO_L16_GATATCAGGA,drugseq_native,drugseq,U-2 OS,"DMSO vehicle, 24 h",L16,52 nt SE,52,0,10,0.66,yes,"GSE176150 / SRR14730306, plate VH02001704_S4 (Li et al. 2022)",,mol,728819,319033,245321,2907,2063,202247
drugseq_native__DMSO_L24_TTCCATCGAG,DMSO_L24_TTCCATCGAG,drugseq_native,drugseq,U-2 OS,"DMSO vehicle, 24 h",L24,52 nt SE,52,0,10,0.66,yes,"GSE176150 / SRR14730306, plate VH02001704_S4 (Li et al. 2022)",,mol,390609,174352,135385,1997,1453,110150
drugseq_native__DMSO_M08_ATCTAAGGAG,DMSO_M08_ATCTAAGGAG,drugseq_native,drugseq,U-2 OS,"DMSO vehicle, 24 h",M08,52 nt SE,52,0,10,0.66,yes,"GSE176150 / SRR14730306, plate VH02001704_S4 (Li et al. 2022)",,mol,780145,341911,263335,3081,2225,217861
drugseq_native__DMSO_M16_GATGAGTGAC,DMSO_M16_GATGAGTGAC,drugseq_native,drugseq,U-2 OS,"DMSO vehicle, 24 h",M16,52 nt SE,52,0,10,0.66,yes,"GSE176150 / SRR14730306, plate VH02001704_S4 (Li et al. 2022)",,mol,879803,375477,288440,3125,2248,239550
drugseq_native__DMSO_M24_TTGGCAATTC,DMSO_M24_TTGGCAATTC,drugseq_native,drugseq,U-2 OS,"DMSO vehicle, 24 h",M24,52 nt SE,52,0,10,0.66,yes,"GSE176150 / SRR14730306, plate VH02001704_S4 (Li et al. 2022)",,mol,495811,230564,180321,2267,1648,148348
drugseq_native__DMSO_N08_ATGACGGTAA,DMSO_N08_ATGACGGTAA,drugseq_native,drugseq,U-2 OS,"DMSO vehicle, 24 h",N08,52 nt SE,52,0,10,0.66,yes,"GSE176150 / SRR14730306, plate VH02001704_S4 (Li et al. 2022)",,mol,694395,299207,230928,2702,1940,192032
drugseq_native__DMSO_N16_GATGGATACA,DMSO_N16_GATGGATACA,drugseq_native,drugseq,U-2 OS,"DMSO vehicle, 24 h",N16,52 nt SE,52,0,10,0.66,yes,"GSE176150 / SRR14730306, plate VH02001704_S4 (Li et al. 2022)",,mol,712670,316278,243025,2859,2086,201226
drugseq_native__DMSO_N24_TTGGCTCCAC,DMSO_N24_TTGGCTCCAC,drugseq_native,drugseq,U-2 OS,"DMSO vehicle, 24 h",N24,52 nt SE,52,0,10,0.66,yes,"GSE176150 / SRR14730306, plate VH02001704_S4 (Li et al. 2022)",,mol,482402,209631,162029,2091,1518,132720
drugseq_native__DMSO_O08_ATGCGGACTG,DMSO_O08_ATGCGGACTG,drugseq_native,drugseq,U-2 OS,"DMSO vehicle, 24 h",O08,52 nt SE,52,0,10,0.66,yes,"GSE176150 / SRR14730306, plate VH02001704_S4 (Li et al. 2022)",,mol,828330,361285,279388,3069,2157,230423
drugseq_native__DMSO_O16_GATTGCACGC,DMSO_O16_GATTGCACGC,drugseq_native,drugseq,U-2 OS,"DMSO vehicle, 24 h",O16,52 nt SE,52,0,10,0.66,yes,"GSE176150 / SRR14730306, plate VH02001704_S4 (Li et al. 2022)",,mol,907851,376349,289635,3160,2200,238801
drugseq_native__DMSO_O24_TTGTCGGCCA,DMSO_O24_TTGTCGGCCA,drugseq_native,drugseq,U-2 OS,"DMSO vehicle, 24 h",O24,52 nt SE,52,0,10,0.66,yes,"GSE176150 / SRR14730306, plate VH02001704_S4 (Li et al. 2022)",,mol,515981,228899,177870,2230,1631,145541
drugseq_native__DMSO_P08_ATGCTTCCTA,DMSO_P08_ATGCTTCCTA,drugseq_native,drugseq,U-2 OS,"DMSO vehicle, 24 h",P08,52 nt SE,52,0,10,0.66,yes,"GSE176150 / SRR14730306, plate VH02001704_S4 (Li et al. 2022)",,mol,886086,388907,300958,3235,2302,250848
drugseq_native__DMSO_P16_GCAAGCGAAT,DMSO_P16_GCAAGCGAAT,drugseq_native,drugseq,U-2 OS,"DMSO vehicle, 24 h",P16,52 nt SE,52,0,10,0.66,yes,"GSE176150 / SRR14730306, plate VH02001704_S4 (Li et al. 2022)",,mol,843124,376258,289828,3119,2265,242864
drugseq_native__DMSO_P24_TTGTGTTCGA,DMSO_P24_TTGTGTTCGA,drugseq_native,drugseq,U-2 OS,"DMSO vehicle, 24 h",P24,52 nt SE,52,0,10,0.66,yes,"GSE176150 / SRR14730306, plate VH02001704_S4 (Li et al. 2022)",,mol,515701,234943,182319,2236,1673,151100
primeseq__HEK2,HEK2,primeseq,primeseq,HEK293T,"RNA-extraction set (Janjic et al. 2022, Fig. 4)",HEK_2,50 nt SE,50,0,10,0.66,yes,E-MTAB-10142 / ERR5375207,,mol,883544,826994,626526,16727,14598,446790
primeseq__HEK20,HEK20,primeseq,primeseq,HEK293T,"RNA-extraction set (Janjic et al. 2022, Fig. 4)",HEK_20,50 nt SE,50,0,10,0.66,yes,E-MTAB-10142 / ERR5375212,,mol,1464100,1369189,1046811,23629,20017,696912
primeseq__HEK3,HEK3,primeseq,primeseq,HEK293T,"RNA-extraction set (Janjic et al. 2022, Fig. 4)",HEK_3,50 nt SE,50,0,10,0.66,yes,E-MTAB-10142 / ERR5375241,,mol,1435383,1328797,1034466,23883,20638,711963
primeseq__HEK31,HEK31,primeseq,primeseq,HEK293T,"RNA-extraction set (Janjic et al. 2022, Fig. 4)",HEK_31,50 nt SE,50,0,10,0.66,yes,E-MTAB-10142 / ERR5375248,,mol,1155779,1088367,826906,19076,16454,574725
primeseq__HEK42,HEK42,primeseq,primeseq,HEK293T,"RNA-extraction set (Janjic et al. 2022, Fig. 4)",HEK_42,50 nt SE,50,0,10,0.66,yes,E-MTAB-10142 / ERR5375284,,mol,1405993,1324665,1004870,22743,19323,677271
primeseq__HEK53,HEK53,primeseq,primeseq,HEK293T,"RNA-extraction set (Janjic et al. 2022, Fig. 4)",HEK_53,50 nt SE,50,0,10,0.66,yes,E-MTAB-10142 / ERR5375320,,mol,2007326,1883960,1414219,29029,24113,979003
primeseq__HEK64,HEK64,primeseq,primeseq,HEK293T,"RNA-extraction set (Janjic et al. 2022, Fig. 4)",HEK_64,50 nt SE,50,0,10,0.66,yes,E-MTAB-10142 / ERR5375356,,mol,1079309,1013941,792276,18613,16124,544069
primeseq__HEK9,HEK9,primeseq,primeseq,HEK293T,"RNA-extraction set (Janjic et al. 2022, Fig. 4)",HEK_9,50 nt SE,50,0,10,0.66,yes,E-MTAB-10142 / ERR5375365,,mol,1634808,1536419,1169719,25304,21414,788512
primeseq_native__HEK2,HEK2,primeseq_native,primeseq,HEK293T,"RNA-extraction set (Janjic et al. 2022, Fig. 4)",HEK_2,50 nt SE,50,0,10,0.66,yes,E-MTAB-10142 / ERR5375207,,mol,883544,826994,626526,16727,14598,446790
primeseq_native__HEK20,HEK20,primeseq_native,primeseq,HEK293T,"RNA-extraction set (Janjic et al. 2022, Fig. 4)",HEK_20,50 nt SE,50,0,10,0.66,yes,E-MTAB-10142 / ERR5375212,,mol,1464100,1369189,1046811,23629,20017,696912
primeseq_native__HEK3,HEK3,primeseq_native,primeseq,HEK293T,"RNA-extraction set (Janjic et al. 2022, Fig. 4)",HEK_3,50 nt SE,50,0,10,0.66,yes,E-MTAB-10142 / ERR5375241,,mol,1435383,1328797,1034466,23883,20638,711963
primeseq_native__HEK31,HEK31,primeseq_native,primeseq,HEK293T,"RNA-extraction set (Janjic et al. 2022, Fig. 4)",HEK_31,50 nt SE,50,0,10,0.66,yes,E-MTAB-10142 / ERR5375248,,mol,1155779,1088367,826906,19076,16454,574725
primeseq_native__HEK42,HEK42,primeseq_native,primeseq,HEK293T,"RNA-extraction set (Janjic et al. 2022, Fig. 4)",HEK_42,50 nt SE,50,0,10,0.66,yes,E-MTAB-10142 / ERR5375284,,mol,1405993,1324665,1004870,22743,19323,677271
primeseq_native__HEK53,HEK53,primeseq_native,primeseq,HEK293T,"RNA-extraction set (Janjic et al. 2022, Fig. 4)",HEK_53,50 nt SE,50,0,10,0.66,yes,E-MTAB-10142 / ERR5375320,,mol,2007326,1883960,1414219,29029,24113,979003
primeseq_native__HEK64,HEK64,primeseq_native,primeseq,HEK293T,"RNA-extraction set (Janjic et al. 2022, Fig. 4)",HEK_64,50 nt SE,50,0,10,0.66,yes,E-MTAB-10142 / ERR5375356,,mol,1079309,1013941,792276,18613,16124,544069
primeseq_native__HEK9,HEK9,primeseq_native,primeseq,HEK293T,"RNA-extraction set (Janjic et al. 2022, Fig. 4)",HEK_9,50 nt SE,50,0,10,0.66,yes,E-MTAB-10142 / ERR5375365,,mol,1634808,1536419,1169719,25304,21414,788512
